instruction,qubits,duration,error
rz,0,0.0,0.0
rz,1,0.0,0.0
rz,2,0.0,0.0
rz,3,0.0,0.0
rz,4,0.0,0.0
rz,5,0.0,0.0
rz,6,0.0,0.0
rz,7,0.0,0.0
rz,8,0.0,0.0
rz,9,0.0,0.0
rz,10,0.0,0.0
rz,11,0.0,0.0
rz,12,0.0,0.0
rz,13,0.0,0.0
rz,14,0.0,0.0
rz,15,0.0,0.0
rz,16,0.0,0.0
rz,17,0.0,0.0
rz,18,0.0,0.0
rz,19,0.0,0.0
rz,20,0.0,0.0
rz,21,0.0,0.0
rz,22,0.0,0.0
rz,23,0.0,0.0
rz,24,0.0,0.0
rz,25,0.0,0.0
rz,26,0.0,0.0
rz,27,0.0,0.0
rz,28,0.0,0.0
rz,29,0.0,0.0
rz,30,0.0,0.0
rz,31,0.0,0.0
rz,32,0.0,0.0
rz,33,0.0,0.0
rz,34,0.0,0.0
rz,35,0.0,0.0
rz,36,0.0,0.0
rz,37,0.0,0.0
rz,38,0.0,0.0
rz,39,0.0,0.0
rz,40,0.0,0.0
rz,41,0.0,0.0
rz,42,0.0,0.0
rz,43,0.0,0.0
rz,44,0.0,0.0
rz,45,0.0,0.0
rz,46,0.0,0.0
rz,47,0.0,0.0
rz,48,0.0,0.0
rz,49,0.0,0.0
rz,50,0.0,0.0
rz,51,0.0,0.0
rz,52,0.0,0.0
rz,53,0.0,0.0
rz,54,0.0,0.0
rz,55,0.0,0.0
rz,56,0.0,0.0
rz,57,0.0,0.0
rz,58,0.0,0.0
rz,59,0.0,0.0
rz,60,0.0,0.0
rz,61,0.0,0.0
rz,62,0.0,0.0
rz,63,0.0,0.0
rz,64,0.0,0.0
rz,65,0.0,0.0
rz,66,0.0,0.0
rz,67,0.0,0.0
rz,68,0.0,0.0
rz,69,0.0,0.0
rz,70,0.0,0.0
rz,71,0.0,0.0
rz,72,0.0,0.0
rz,73,0.0,0.0
rz,74,0.0,0.0
rz,75,0.0,0.0
rz,76,0.0,0.0
rz,77,0.0,0.0
rz,78,0.0,0.0
rz,79,0.0,0.0
rz,80,0.0,0.0
rz,81,0.0,0.0
rz,82,0.0,0.0
rz,83,0.0,0.0
rz,84,0.0,0.0
rz,85,0.0,0.0
rz,86,0.0,0.0
rz,87,0.0,0.0
rz,88,0.0,0.0
rz,89,0.0,0.0
rz,90,0.0,0.0
rz,91,0.0,0.0
rz,92,0.0,0.0
rz,93,0.0,0.0
rz,94,0.0,0.0
rz,95,0.0,0.0
rz,96,0.0,0.0
rz,97,0.0,0.0
rz,98,0.0,0.0
rz,99,0.0,0.0
rz,100,0.0,0.0
rz,101,0.0,0.0
rz,102,0.0,0.0
rz,103,0.0,0.0
rz,104,0.0,0.0
rz,105,0.0,0.0
rz,106,0.0,0.0
rz,107,0.0,0.0
rz,108,0.0,0.0
rz,109,0.0,0.0
rz,110,0.0,0.0
rz,111,0.0,0.0
rz,112,0.0,0.0
rz,113,0.0,0.0
rz,114,0.0,0.0
rz,115,0.0,0.0
rz,116,0.0,0.0
rz,117,0.0,0.0
rz,118,0.0,0.0
rz,119,0.0,0.0
rz,120,0.0,0.0
rz,121,0.0,0.0
rz,122,0.0,0.0
rz,123,0.0,0.0
rz,124,0.0,0.0
rz,125,0.0,0.0
rz,126,0.0,0.0
rz,127,0.0,0.0
rz,128,0.0,0.0
rz,129,0.0,0.0
rz,130,0.0,0.0
rz,131,0.0,0.0
rz,132,0.0,0.0
rz,133,0.0,0.0
rz,134,0.0,0.0
rz,135,0.0,0.0
rz,136,0.0,0.0
rz,137,0.0,0.0
rz,138,0.0,0.0
rz,139,0.0,0.0
rz,140,0.0,0.0
rz,141,0.0,0.0
rz,142,0.0,0.0
rz,143,0.0,0.0
rz,144,0.0,0.0
rz,145,0.0,0.0
rz,146,0.0,0.0
rz,147,0.0,0.0
rz,148,0.0,0.0
rz,149,0.0,0.0
rz,150,0.0,0.0
rz,151,0.0,0.0
rz,152,0.0,0.0
rz,153,0.0,0.0
rz,154,0.0,0.0
rz,155,0.0,0.0
rzz,0;1,1.32e-07,0.0013227861306995548
rzz,1;0,1.32e-07,0.0013227861306995548
rzz,1;2,1.72e-07,0.14751819889137888
rzz,2;1,1.72e-07,0.14751819889137888
rzz,2;3,1.72e-07,0.002948864087770564
rzz,3;2,1.72e-07,0.002948864087770564
rzz,3;4,1.32e-07,0.0027031178752740803
rzz,3;16,6.8e-08,0.0010197301548968418
rzz,4;3,1.32e-07,0.0027031178752740803
rzz,4;5,1.32e-07,0.004268524769012877
rzz,5;4,1.32e-07,0.004268524769012877
rzz,5;6,6.8e-08,0.0006547780802736158
rzz,6;5,6.8e-08,0.0006547780802736158
rzz,6;7,6.8e-08,0.0009852957642144111
rzz,7;6,6.8e-08,0.0009852957642144111
rzz,7;8,2.72e-07,0.007976521030420985
rzz,7;17,6.8e-08,0.0014052737088928458
rzz,8;7,2.72e-07,0.007976521030420985
rzz,8;9,6.8e-08,0.0012118434293695024
rzz,9;8,6.8e-08,0.0012118434293695024
rzz,9;10,1.32e-07,0.002681426690709393
rzz,10;9,1.32e-07,0.002681426690709393
rzz,10;11,1.32e-07,0.0015815973494364144
rzz,11;10,1.32e-07,0.0015815973494364144
rzz,11;12,6.8e-08,0.0012308521375171966
rzz,11;18,6.8e-08,0.012571129093390615
rzz,12;11,6.8e-08,0.0012308521375171966
rzz,12;13,6.8e-08,0.000889990105250732
rzz,13;12,6.8e-08,0.000889990105250732
rzz,13;14,6.8e-08,0.0010293319832028747
rzz,14;13,6.8e-08,0.0010293319832028747
rzz,14;15,6.8e-08,0.000814288605000768
rzz,15;14,6.8e-08,0.000814288605000768
rzz,15;19,6.8e-08,0.0010243158259352347
rzz,16;3,6.8e-08,0.0010197301548968418
rzz,16;23,6.8e-08,0.002466240955105836
rzz,17;7,6.8e-08,0.0014052737088928458
rzz,17;27,6.8e-08,0.0012281828940557682
rzz,18;11,6.8e-08,0.012571129093390615
rzz,18;31,6.8e-08,0.0021325536847218995
rzz,19;15,6.8e-08,0.0010243158259352347
rzz,19;35,6.8e-08,0.0007480954831950715
rzz,20;21,6.8e-08,0.0013846501417774382
rzz,21;20,6.8e-08,0.0013846501417774382
rzz,21;22,9.6e-08,0.0011756881761655902
rzz,21;36,6.8e-08,0.0007332872600763485
rzz,22;21,9.6e-08,0.0011756881761655902
rzz,22;23,6.8e-08,0.006494374293308958
rzz,23;16,6.8e-08,0.002466240955105836
rzz,23;22,6.8e-08,0.006494374293308958
rzz,23;24,6.8e-08,0.002201935627142243
rzz,24;23,6.8e-08,0.002201935627142243
rzz,24;25,6.8e-08,0.0009914044815212408
rzz,25;24,6.8e-08,0.0009914044815212408
rzz,25;26,6.8e-08,0.0011237908374148176
rzz,25;37,6.8e-08,0.0026477218576126393
rzz,26;25,6.8e-08,0.0011237908374148176
rzz,26;27,6.8e-08,0.0012954876252060377
rzz,27;17,6.8e-08,0.0012281828940557682
rzz,27;26,6.8e-08,0.0012954876252060377
rzz,27;28,6.8e-08,0.001124589367176132
rzz,28;27,6.8e-08,0.001124589367176132
rzz,28;29,6.8e-08,0.0032036041410960503
rzz,29;28,6.8e-08,0.0032036041410960503
rzz,29;30,6.8e-08,0.0011330985108477243
rzz,29;38,6.8e-08,0.0014694190714532873
rzz,30;29,6.8e-08,0.0011330985108477243
rzz,30;31,6.8e-08,0.0014438165298455152
rzz,31;18,6.8e-08,0.0021325536847218995
rzz,31;30,6.8e-08,0.0014438165298455152
rzz,31;32,8e-08,0.0025414827539154694
rzz,32;31,8e-08,0.0025414827539154694
rzz,32;33,6.8e-08,0.0020547775707467075
rzz,33;32,6.8e-08,0.0020547775707467075
rzz,33;34,6.8e-08,0.0010260335061276493
rzz,33;39,6.8e-08,0.001557374555358454
rzz,34;33,6.8e-08,0.0010260335061276493
rzz,34;35,6.8e-08,0.003382452104276207
rzz,35;19,6.8e-08,0.0007480954831950715
rzz,35;34,6.8e-08,0.003382452104276207
rzz,36;21,6.8e-08,0.0007332872600763485
rzz,36;41,6.8e-08,0.0008581546024209741
rzz,37;25,6.8e-08,0.0026477218576126393
rzz,37;45,6.8e-08,0.002762298768892585
rzz,38;29,6.8e-08,0.0014694190714532873
rzz,38;49,6.8e-08,0.0018265150985141976
rzz,39;33,6.8e-08,0.001557374555358454
rzz,39;53,6.8e-08,0.001335807046279558
rzz,40;41,6.8e-08,0.0006876683433371111
rzz,41;36,6.8e-08,0.0008581546024209741
rzz,41;40,6.8e-08,0.0006876683433371111
rzz,41;42,1.32e-07,0.14005740442675071
rzz,42;41,1.32e-07,0.14005740442675071
rzz,42;43,1.32e-07,1.0
rzz,43;42,1.32e-07,1.0
rzz,43;44,6.8e-08,0.0010894964206614177
rzz,43;56,6.8e-08,0.0013434773822555979
rzz,44;43,6.8e-08,0.0010894964206614177
rzz,44;45,6.8e-08,0.0010872644814324817
rzz,45;37,6.8e-08,0.002762298768892585
rzz,45;44,6.8e-08,0.0010872644814324817
rzz,45;46,6.8e-08,0.0031681076710221856
rzz,46;45,6.8e-08,0.0031681076710221856
rzz,46;47,1.32e-07,0.01926797420763357
rzz,47;46,1.32e-07,0.01926797420763357
rzz,47;48,1.32e-07,0.010687620298822975
rzz,47;57,6.8e-08,0.0015847807097829902
rzz,48;47,1.32e-07,0.010687620298822975
rzz,48;49,6.8e-08,0.000792100221732206
rzz,49;38,6.8e-08,0.0018265150985141976
rzz,49;48,6.8e-08,0.000792100221732206
rzz,49;50,6.8e-08,0.011216423775338241
rzz,50;49,6.8e-08,0.011216423775338241
rzz,50;51,6.8e-08,0.0021546195161402937
rzz,51;50,6.8e-08,0.0021546195161402937
rzz,51;52,1.32e-07,0.0023860144437501396
rzz,51;58,6.8e-08,0.003833196121062754
rzz,52;51,1.32e-07,0.0023860144437501396
rzz,52;53,1.32e-07,0.002648043010211071
rzz,53;39,6.8e-08,0.001335807046279558
rzz,53;52,1.32e-07,0.002648043010211071
rzz,53;54,6.8e-08,0.0008908814938514142
rzz,54;53,6.8e-08,0.0008908814938514142
rzz,54;55,6.8e-08,0.0010844501195379497
rzz,55;54,6.8e-08,0.0010844501195379497
rzz,55;59,6.8e-08,0.002949955457777098
rzz,56;43,6.8e-08,0.0013434773822555979
rzz,56;63,6.8e-08,0.0016875989943738456
rzz,57;47,6.8e-08,0.0015847807097829902
rzz,57;67,6.8e-08,0.0018070718588861223
rzz,58;51,6.8e-08,0.003833196121062754
rzz,58;71,6.8e-08,0.0008793301030199652
rzz,59;55,6.8e-08,0.002949955457777098
rzz,59;75,6.8e-08,0.0011726687489844734
rzz,60;61,6.8e-08,0.0014494496646346444
rzz,61;60,6.8e-08,0.0014494496646346444
rzz,61;62,6.8e-08,0.11121420984586713
rzz,61;76,6.8e-08,0.0022570164323950925
rzz,62;61,6.8e-08,0.11121420984586713
rzz,62;63,6.8e-08,0.13967779121193602
rzz,63;56,6.8e-08,0.0016875989943738456
rzz,63;62,6.8e-08,0.13967779121193602
rzz,63;64,8e-08,0.0018394526634255004
rzz,64;63,8e-08,0.0018394526634255004
rzz,64;65,6.8e-08,0.001373229931499742
rzz,65;64,6.8e-08,0.001373229931499742
rzz,65;66,1e-07,0.0010529524644343202
rzz,65;77,6.8e-08,0.0013327574625956462
rzz,66;65,1e-07,0.0010529524644343202
rzz,66;67,6.8e-08,0.0010953837272032751
rzz,67;57,6.8e-08,0.0018070718588861223
rzz,67;66,6.8e-08,0.0010953837272032751
rzz,67;68,6.8e-08,0.0027432864652832123
rzz,68;67,6.8e-08,0.0027432864652832123
rzz,68;69,6.8e-08,0.0008845789849273311
rzz,69;68,6.8e-08,0.0008845789849273311
rzz,69;70,6.8e-08,0.0025264502154507817
rzz,69;78,6.8e-08,0.0012186907795095625
rzz,70;69,6.8e-08,0.0025264502154507817
rzz,70;71,6.8e-08,0.003426267642797687
rzz,71;58,6.8e-08,0.0008793301030199652
rzz,71;70,6.8e-08,0.003426267642797687
rzz,71;72,6.8e-08,0.0009989625703974159
rzz,72;71,6.8e-08,0.0009989625703974159
rzz,72;73,6.8e-08,0.0011483522507778898
rzz,73;72,6.8e-08,0.0011483522507778898
rzz,73;74,6.8e-08,0.0010150299776423566
rzz,73;79,6.8e-08,0.002804253355772446
rzz,74;73,6.8e-08,0.0010150299776423566
rzz,74;75,6.8e-08,0.0024610914558507446
rzz,75;59,6.8e-08,0.0011726687489844734
rzz,75;74,6.8e-08,0.0024610914558507446
rzz,76;61,6.8e-08,0.0022570164323950925
rzz,76;81,6.8e-08,0.001394327857902583
rzz,77;65,6.8e-08,0.0013327574625956462
rzz,77;85,6.8e-08,0.002160867985140008
rzz,78;69,6.8e-08,0.0012186907795095625
rzz,78;89,6.8e-08,0.0012930693558352857
rzz,79;73,6.8e-08,0.002804253355772446
rzz,79;93,6.8e-08,0.0013883027213722199
rzz,80;81,1.32e-07,0.004813272254581835
rzz,81;76,6.8e-08,0.001394327857902583
rzz,81;80,1.32e-07,0.004813272254581835
rzz,81;82,6.8e-08,0.0022693464468621083
rzz,82;81,6.8e-08,0.0022693464468621083
rzz,82;83,6.8e-08,0.001556407190337783
rzz,83;82,6.8e-08,0.001556407190337783
rzz,83;84,6.8e-08,0.0032943714193962026
rzz,83;96,6.8e-08,0.0016118395443767142
rzz,84;83,6.8e-08,0.0032943714193962026
rzz,84;85,6.8e-08,0.003647251024075121
rzz,85;77,6.8e-08,0.002160867985140008
rzz,85;84,6.8e-08,0.003647251024075121
rzz,85;86,6.8e-08,0.0038706887740081186
rzz,86;85,6.8e-08,0.0038706887740081186
rzz,86;87,6.8e-08,0.011684033467331961
rzz,87;86,6.8e-08,0.011684033467331961
rzz,87;88,6.8e-08,0.0009198812798134337
rzz,87;97,6.8e-08,0.0013044851015841519
rzz,88;87,6.8e-08,0.0009198812798134337
rzz,88;89,6.8e-08,0.0009058823775672797
rzz,89;78,6.8e-08,0.0012930693558352857
rzz,89;88,6.8e-08,0.0009058823775672797
rzz,89;90,6.8e-08,0.0008980762372523821
rzz,90;89,6.8e-08,0.0008980762372523821
rzz,90;91,1.32e-07,0.00416466160916712
rzz,91;90,1.32e-07,0.00416466160916712
rzz,91;92,1.08e-07,0.013001196491410516
rzz,91;98,2.72e-07,0.08412232847613826
rzz,92;91,1.08e-07,0.013001196491410516
rzz,92;93,6.8e-08,0.0013575431873873167
rzz,93;79,6.8e-08,0.0013883027213722199
rzz,93;92,6.8e-08,0.0013575431873873167
rzz,93;94,6.8e-08,0.002634958818946209
rzz,94;93,6.8e-08,0.002634958818946209
rzz,94;95,6.8e-08,0.0026851167487600136
rzz,95;94,6.8e-08,0.0026851167487600136
rzz,95;99,6.8e-08,0.0009943094851241618
rzz,96;83,6.8e-08,0.0016118395443767142
rzz,96;103,6.8e-08,0.0012314907003766196
rzz,97;87,6.8e-08,0.0013044851015841519
rzz,97;107,6.8e-08,0.0016623489276740844
rzz,98;91,2.72e-07,0.08412232847613826
rzz,98;111,6.8e-08,0.001764880231012761
rzz,99;95,6.8e-08,0.0009943094851241618
rzz,99;115,6.8e-08,0.016389284833213003
rzz,100;101,6.8e-08,0.0009911579815805316
rzz,101;100,6.8e-08,0.0009911579815805316
rzz,101;102,6.8e-08,0.0008755411673262714
rzz,101;116,6.8e-08,0.0014072282662762892
rzz,102;101,6.8e-08,0.0008755411673262714
rzz,102;103,6.8e-08,0.001615503363688986
rzz,103;96,6.8e-08,0.0012314907003766196
rzz,103;102,6.8e-08,0.001615503363688986
rzz,103;104,6.8e-08,0.0010014534831510602
rzz,104;103,6.8e-08,0.0010014534831510602
rzz,104;105,6.8e-08,0.0018683687261978055
rzz,105;104,6.8e-08,0.0018683687261978055
rzz,105;106,9.2e-08,0.004167591112939684
rzz,105;117,6.8e-08,0.00289575238999229
rzz,106;105,9.2e-08,0.004167591112939684
rzz,106;107,6.8e-08,0.0019933028505196293
rzz,107;97,6.8e-08,0.0016623489276740844
rzz,107;106,6.8e-08,0.0019933028505196293
rzz,107;108,6.8e-08,0.0009746087898815092
rzz,108;107,6.8e-08,0.0009746087898815092
rzz,108;109,6.8e-08,0.0010089133356987467
rzz,109;108,6.8e-08,0.0010089133356987467
rzz,109;110,6.8e-08,0.0015567717621812471
rzz,109;118,6.8e-08,0.0009555880599160238
rzz,110;109,6.8e-08,0.0015567717621812471
rzz,110;111,6.8e-08,0.0015754685918397404
rzz,111;98,6.8e-08,0.001764880231012761
rzz,111;110,6.8e-08,0.0015754685918397404
rzz,111;112,6.8e-08,0.0012304980018744693
rzz,112;111,6.8e-08,0.0012304980018744693
rzz,112;113,6.8e-08,0.0008745100559280905
rzz,113;112,6.8e-08,0.0008745100559280905
rzz,113;114,6.8e-08,0.001526728628460955
rzz,113;119,6.8e-08,0.0008586883013069757
rzz,114;113,6.8e-08,0.001526728628460955
rzz,114;115,6.8e-08,0.0316684405864143
rzz,115;99,6.8e-08,0.016389284833213003
rzz,115;114,6.8e-08,0.0316684405864143
rzz,116;101,6.8e-08,0.0014072282662762892
rzz,116;121,6.8e-08,0.0013118507534077006
rzz,117;105,6.8e-08,0.00289575238999229
rzz,117;125,6.8e-08,0.0008687958580360644
rzz,118;109,6.8e-08,0.0009555880599160238
rzz,118;129,6.8e-08,0.0033292940226097023
rzz,119;113,6.8e-08,0.0008586883013069757
rzz,119;133,6.8e-08,0.0016307743028894095
rzz,120;121,6.8e-08,0.0010425323275916887
rzz,121;116,6.8e-08,0.0013118507534077006
rzz,121;120,6.8e-08,0.0010425323275916887
rzz,121;122,1.32e-07,0.0022818199689434993
rzz,122;121,1.32e-07,0.0022818199689434993
rzz,122;123,1.32e-07,0.0013689866547580976
rzz,123;122,1.32e-07,0.0013689866547580976
rzz,123;124,1.32e-07,0.006512632170514315
rzz,123;136,6.8e-08,0.0010022530660581952
rzz,124;123,1.32e-07,0.006512632170514315
rzz,124;125,1.32e-07,0.004661550673883352
rzz,125;117,6.8e-08,0.0008687958580360644
rzz,125;124,1.32e-07,0.004661550673883352
rzz,125;126,6.8e-08,0.0013933203723638377
rzz,126;125,6.8e-08,0.0013933203723638377
rzz,126;127,1.32e-07,0.003830047896144162
rzz,127;126,1.32e-07,0.003830047896144162
rzz,127;128,1.32e-07,0.010487408268953002
rzz,127;137,6.8e-08,0.0008520829660767781
rzz,128;127,1.32e-07,0.010487408268953002
rzz,128;129,6.8e-08,0.0027536966850168765
rzz,129;118,6.8e-08,0.0033292940226097023
rzz,129;128,6.8e-08,0.0027536966850168765
rzz,129;130,6.8e-08,0.002612124162965551
rzz,130;129,6.8e-08,0.002612124162965551
rzz,130;131,6.8e-08,0.0018743630259761002
rzz,131;130,6.8e-08,0.0018743630259761002
rzz,131;132,6.8e-08,0.0017024756123564244
rzz,131;138,6.8e-08,0.0020840845321314916
rzz,132;131,6.8e-08,0.0017024756123564244
rzz,132;133,6.8e-08,0.0011939337590951005
rzz,133;119,6.8e-08,0.0016307743028894095
rzz,133;132,6.8e-08,0.0011939337590951005
rzz,133;134,6.8e-08,0.0014764564676163494
rzz,134;133,6.8e-08,0.0014764564676163494
rzz,134;135,6.8e-08,0.0015690264663282827
rzz,135;134,6.8e-08,0.0015690264663282827
rzz,135;139,6.8e-08,0.0011598396414716494
rzz,136;123,6.8e-08,0.0010022530660581952
rzz,136;143,6.8e-08,0.0050657883962558214
rzz,137;127,6.8e-08,0.0008520829660767781
rzz,137;147,6.8e-08,0.004736534468466169
rzz,138;131,6.8e-08,0.0020840845321314916
rzz,138;151,6.8e-08,0.0009593336122886154
rzz,139;135,6.8e-08,0.0011598396414716494
rzz,139;155,6.8e-08,0.0008278030679555737
rzz,140;141,1.32e-07,0.0037589046222304134
rzz,141;140,1.32e-07,0.0037589046222304134
rzz,141;142,1.92e-07,0.011336788235067174
rzz,142;141,1.92e-07,0.011336788235067174
rzz,142;143,6.8e-08,0.0057834264052178674
rzz,143;136,6.8e-08,0.0050657883962558214
rzz,143;142,6.8e-08,0.0057834264052178674
rzz,143;144,6.8e-08,0.005362561320480019
rzz,144;143,6.8e-08,0.005362561320480019
rzz,144;145,6.8e-08,0.0012547594198479284
rzz,145;144,6.8e-08,0.0012547594198479284
rzz,145;146,1.32e-07,1.0
rzz,146;145,1.32e-07,1.0
rzz,146;147,6.8e-08,0.0009453436829982564
rzz,147;137,6.8e-08,0.004736534468466169
rzz,147;146,6.8e-08,0.0009453436829982564
rzz,147;148,6.8e-08,0.0033186798325660627
rzz,148;147,6.8e-08,0.0033186798325660627
rzz,148;149,6.8e-08,0.0015363880514665806
rzz,149;148,6.8e-08,0.0015363880514665806
rzz,149;150,6.8e-08,0.0008632033204045708
rzz,150;149,6.8e-08,0.0008632033204045708
rzz,150;151,6.8e-08,0.0014423828809869699
rzz,151;138,6.8e-08,0.0009593336122886154
rzz,151;150,6.8e-08,0.0014423828809869699
rzz,151;152,6.8e-08,0.0010052391107528702
rzz,152;151,6.8e-08,0.0010052391107528702
rzz,152;153,6.8e-08,1.0
rzz,153;152,6.8e-08,1.0
rzz,153;154,6.8e-08,1.0
rzz,154;153,6.8e-08,1.0
rzz,154;155,6.8e-08,0.0014330710687475157
rzz,155;139,6.8e-08,0.0008278030679555737
rzz,155;154,6.8e-08,0.0014330710687475157
sx,0,3.2e-08,9.507913265480407e-05
sx,1,3.2e-08,0.00020294838427007878
sx,2,3.2e-08,0.00015687044995860153
sx,3,3.2e-08,0.0002544410829725376
sx,4,3.2e-08,0.00016509832598280149
sx,5,3.2e-08,9.52606940999758e-05
sx,6,3.2e-08,0.00011023668513214265
sx,7,3.2e-08,0.00019547084150020838
sx,8,3.2e-08,9.368274450347446e-05
sx,9,3.2e-08,0.00012140762101135283
sx,10,3.2e-08,0.00012850898249297475
sx,11,3.2e-08,0.00012962332563067758
sx,12,3.2e-08,0.0001413176333937481
sx,13,3.2e-08,0.0001261214236658562
sx,14,3.2e-08,0.00016224523138025457
sx,15,3.2e-08,0.00019396253466532517
sx,16,3.2e-08,0.00012234597667075238
sx,17,3.2e-08,0.00011422437135434228
sx,18,3.2e-08,0.00018873565367524898
sx,19,3.2e-08,0.00010429215987264969
sx,20,3.2e-08,0.00021650769155872853
sx,21,3.2e-08,0.0001072828221255786
sx,22,3.2e-08,0.0001528970320915517
sx,23,3.2e-08,0.0004569887358530038
sx,24,3.2e-08,0.00010400063853735993
sx,25,3.2e-08,0.00013460220765893128
sx,26,3.2e-08,0.00027257542648776595
sx,27,3.2e-08,0.00018692664552401805
sx,28,3.2e-08,9.693906924391193e-05
sx,29,3.2e-08,7.324709469552848e-05
sx,30,3.2e-08,0.00011504736890380915
sx,31,3.2e-08,0.00016468563337901997
sx,32,3.2e-08,0.000269742623363281
sx,33,3.2e-08,0.00012499458222226326
sx,34,3.2e-08,0.0001245758705951733
sx,35,3.2e-08,0.00013596886472884464
sx,36,3.2e-08,0.00019051889244702295
sx,37,3.2e-08,0.00018356920097418525
sx,38,3.2e-08,0.00025902690946985537
sx,39,3.2e-08,0.0001318320884597663
sx,40,3.2e-08,0.0001281544941044438
sx,41,3.2e-08,0.00016927757532869697
sx,42,3.2e-08,0.00023433073160507737
sx,43,3.2e-08,0.00017533811426281615
sx,44,3.2e-08,0.00020897258306009386
sx,45,3.2e-08,0.0001946469701795882
sx,46,3.2e-08,0.004164339290557219
sx,47,3.2e-08,7.598243649897602e-05
sx,48,3.2e-08,0.00011016265389284198
sx,49,3.2e-08,0.00010813952382550713
sx,50,3.2e-08,0.00019512787720948673
sx,51,3.2e-08,0.0001724977838607301
sx,52,3.2e-08,0.00032665698340887396
sx,53,3.2e-08,0.0005229245437860457
sx,54,3.2e-08,0.0002715541009884897
sx,55,3.2e-08,0.0001644798081317479
sx,56,3.2e-08,0.00014075155090851973
sx,57,3.2e-08,0.004253191966433971
sx,58,3.2e-08,0.00013266737077335085
sx,59,3.2e-08,0.0003608783356055081
sx,60,3.2e-08,0.00026654229965237375
sx,61,3.2e-08,0.00010615486465478066
sx,62,3.2e-08,0.019261327248711473
sx,63,3.2e-08,0.0005551009301256889
sx,64,3.2e-08,0.00019223693768630838
sx,65,3.2e-08,0.00015613244634407245
sx,66,3.2e-08,9.199013252743222e-05
sx,67,3.2e-08,0.00017841635263901636
sx,68,3.2e-08,0.00013825938561708333
sx,69,3.2e-08,0.00011899926487696885
sx,70,3.2e-08,0.0001728547354255179
sx,71,3.2e-08,0.00011861396902166515
sx,72,3.2e-08,0.00010352805183333094
sx,73,3.2e-08,7.801915495099202e-05
sx,74,3.2e-08,0.00023105185347839562
sx,75,3.2e-08,0.0001166785110504155
sx,76,3.2e-08,0.00024007152537391471
sx,77,3.2e-08,0.0001335319066721975
sx,78,3.2e-08,0.0001580740999956268
sx,79,3.2e-08,0.00015356316996149923
sx,80,3.2e-08,0.0001096805229587326
sx,81,3.2e-08,0.0001739849653391801
sx,82,3.2e-08,0.00048432935577460973
sx,83,3.2e-08,0.00037251970047956484
sx,84,3.2e-08,0.00027905281514982
sx,85,3.2e-08,0.00018053995507805125
sx,86,3.2e-08,0.00029143455225638963
sx,87,3.2e-08,0.0003254594731630363
sx,88,3.2e-08,0.00033731426929576756
sx,89,3.2e-08,0.0001635736396290732
sx,90,3.2e-08,0.00012131630436021999
sx,91,3.2e-08,0.0001261145045804531
sx,92,3.2e-08,0.00028344074232950736
sx,93,3.2e-08,0.0005777468838222394
sx,94,3.2e-08,0.00016042283392562426
sx,95,3.2e-08,0.0001694633571913127
sx,96,3.2e-08,0.0004888143789546983
sx,97,3.2e-08,0.00029883714897820183
sx,98,3.2e-08,0.00023071337762413125
sx,99,3.2e-08,8.608205157307348e-05
sx,100,3.2e-08,0.00018228192875855548
sx,101,3.2e-08,0.0002285138423394441
sx,102,3.2e-08,0.00016483521289006062
sx,103,3.2e-08,0.00012075279659660132
sx,104,3.2e-08,0.0001631994073325949
sx,105,3.2e-08,0.0002232033621489414
sx,106,3.2e-08,0.00018257395727350718
sx,107,3.2e-08,0.0001868432246661795
sx,108,3.2e-08,0.0001107607702712465
sx,109,3.2e-08,0.00019446130848193148
sx,110,3.2e-08,0.0002662489243959791
sx,111,3.2e-08,0.00010880442120877536
sx,112,3.2e-08,0.0001588341911267923
sx,113,3.2e-08,0.00013065547868035496
sx,114,3.2e-08,0.0001930134613860959
sx,115,3.2e-08,0.0001961115386743617
sx,116,3.2e-08,0.0003180571297144404
sx,117,3.2e-08,0.0002979925439063977
sx,118,3.2e-08,0.0003265106869909735
sx,119,3.2e-08,0.00018622423309863016
sx,120,3.2e-08,0.0001914218121735107
sx,121,3.2e-08,0.00026510702793641733
sx,122,3.2e-08,0.00016680377547781606
sx,123,3.2e-08,0.00015801817181718
sx,124,3.2e-08,0.00025712394138551674
sx,125,3.2e-08,0.0003431470412209032
sx,126,3.2e-08,0.0001895953583488021
sx,127,3.2e-08,0.00011111249777240633
sx,128,3.2e-08,0.00035189597406242405
sx,129,3.2e-08,0.00036367023692877566
sx,130,3.2e-08,0.00013977356489374129
sx,131,3.2e-08,0.00033609729228113695
sx,132,3.2e-08,0.00015014261192823774
sx,133,3.2e-08,0.00018290238679039204
sx,134,3.2e-08,0.00019713800140684217
sx,135,3.2e-08,0.00040972536508658976
sx,136,3.2e-08,0.00011410762828851538
sx,137,3.2e-08,0.00015100132784229175
sx,138,3.2e-08,0.0001565410105080037
sx,139,3.2e-08,0.00015368173397300997
sx,140,3.2e-08,0.00015642271776092313
sx,141,3.2e-08,0.00028223042686505574
sx,142,3.2e-08,0.00023217759690897914
sx,143,3.2e-08,0.000977479406728225
sx,144,3.2e-08,0.00035497038236283516
sx,145,3.2e-08,0.00018321316558846435
sx,146,3.2e-08,0.0001224929704893818
sx,147,3.2e-08,0.00015526703511191585
sx,148,3.2e-08,0.00016480439774120215
sx,149,3.2e-08,0.00015996407151957638
sx,150,3.2e-08,0.0002591082516212321
sx,151,3.2e-08,0.00014461270985481552
sx,152,3.2e-08,0.00015012051783610153
sx,153,3.2e-08,7.478074210476062e-05
sx,154,3.2e-08,0.00025608303735280254
sx,155,3.2e-08,0.0001153833479739656
reset,0,2.212e-06,
reset,1,2.212e-06,
reset,2,2.212e-06,
reset,3,2.212e-06,
reset,4,2.212e-06,
reset,5,2.212e-06,
reset,6,2.212e-06,
reset,7,2.212e-06,
reset,8,2.212e-06,
reset,9,2.212e-06,
reset,10,2.212e-06,
reset,11,2.212e-06,
reset,12,2.212e-06,
reset,13,2.212e-06,
reset,14,2.212e-06,
reset,15,2.212e-06,
reset,16,2.212e-06,
reset,17,2.212e-06,
reset,18,2.212e-06,
reset,19,2.212e-06,
reset,20,2.212e-06,
reset,21,2.212e-06,
reset,22,2.212e-06,
reset,23,2.212e-06,
reset,24,2.212e-06,
reset,25,2.212e-06,
reset,26,2.212e-06,
reset,27,2.212e-06,
reset,28,2.212e-06,
reset,29,2.212e-06,
reset,30,2.212e-06,
reset,31,2.212e-06,
reset,32,2.212e-06,
reset,33,2.212e-06,
reset,34,2.212e-06,
reset,35,2.212e-06,
reset,36,2.212e-06,
reset,37,2.212e-06,
reset,38,2.212e-06,
reset,39,2.212e-06,
reset,40,2.212e-06,
reset,41,2.212e-06,
reset,42,2.212e-06,
reset,43,2.212e-06,
reset,44,2.212e-06,
reset,45,2.212e-06,
reset,46,2.212e-06,
reset,47,2.212e-06,
reset,48,2.212e-06,
reset,49,2.212e-06,
reset,50,2.212e-06,
reset,51,2.212e-06,
reset,52,2.212e-06,
reset,53,2.212e-06,
reset,54,2.212e-06,
reset,55,2.212e-06,
reset,56,2.212e-06,
reset,57,2.212e-06,
reset,58,2.212e-06,
reset,59,2.212e-06,
reset,60,2.212e-06,
reset,61,2.212e-06,
reset,62,2.212e-06,
reset,63,2.212e-06,
reset,64,2.212e-06,
reset,65,2.212e-06,
reset,66,2.212e-06,
reset,67,2.212e-06,
reset,68,2.212e-06,
reset,69,2.212e-06,
reset,70,2.212e-06,
reset,71,2.212e-06,
reset,72,2.212e-06,
reset,73,2.212e-06,
reset,74,2.212e-06,
reset,75,2.212e-06,
reset,76,2.212e-06,
reset,77,2.212e-06,
reset,78,2.212e-06,
reset,79,2.212e-06,
reset,80,2.212e-06,
reset,81,2.212e-06,
reset,82,2.212e-06,
reset,83,2.212e-06,
reset,84,2.212e-06,
reset,85,2.212e-06,
reset,86,2.212e-06,
reset,87,2.212e-06,
reset,88,2.212e-06,
reset,89,2.212e-06,
reset,90,2.212e-06,
reset,91,2.212e-06,
reset,92,2.212e-06,
reset,93,2.212e-06,
reset,94,2.212e-06,
reset,95,2.212e-06,
reset,96,2.212e-06,
reset,97,2.212e-06,
reset,98,2.212e-06,
reset,99,2.212e-06,
reset,100,2.212e-06,
reset,101,2.212e-06,
reset,102,2.212e-06,
reset,103,2.212e-06,
reset,104,2.212e-06,
reset,105,2.212e-06,
reset,106,2.212e-06,
reset,107,2.212e-06,
reset,108,2.212e-06,
reset,109,2.212e-06,
reset,110,2.212e-06,
reset,111,2.212e-06,
reset,112,2.212e-06,
reset,113,2.212e-06,
reset,114,2.212e-06,
reset,115,2.212e-06,
reset,116,2.212e-06,
reset,117,2.212e-06,
reset,118,2.212e-06,
reset,119,2.212e-06,
reset,120,2.212e-06,
reset,121,2.212e-06,
reset,122,2.212e-06,
reset,123,2.212e-06,
reset,124,2.212e-06,
reset,125,2.212e-06,
reset,126,2.212e-06,
reset,127,2.212e-06,
reset,128,2.212e-06,
reset,129,2.212e-06,
reset,130,2.212e-06,
reset,131,2.212e-06,
reset,132,2.212e-06,
reset,133,2.212e-06,
reset,134,2.212e-06,
reset,135,2.212e-06,
reset,136,2.212e-06,
reset,137,2.212e-06,
reset,138,2.212e-06,
reset,139,2.212e-06,
reset,140,2.212e-06,
reset,141,2.212e-06,
reset,142,2.212e-06,
reset,143,2.212e-06,
reset,144,2.212e-06,
reset,145,2.212e-06,
reset,146,2.212e-06,
reset,147,2.212e-06,
reset,148,2.212e-06,
reset,149,2.212e-06,
reset,150,2.212e-06,
reset,151,2.212e-06,
reset,152,2.212e-06,
reset,153,2.212e-06,
reset,154,2.212e-06,
reset,155,2.212e-06,
cz,0;1,6.8e-08,0.0007652373430031001
cz,1;0,6.8e-08,0.0007652373430031001
cz,1;2,1.08e-07,0.0018232767204711398
cz,2;1,1.08e-07,0.0018232767204711398
cz,2;3,1.08e-07,0.0020795967975390517
cz,3;2,1.08e-07,0.0020795967975390517
cz,3;4,6.8e-08,0.009860860899865709
cz,3;16,6.8e-08,0.007359944281663144
cz,4;3,6.8e-08,0.009860860899865709
cz,4;5,6.8e-08,0.0022872443008895293
cz,5;4,6.8e-08,0.0022872443008895293
cz,5;6,6.8e-08,0.0007379342333971584
cz,6;5,6.8e-08,0.0007379342333971584
cz,6;7,6.8e-08,0.0006744490444957063
cz,7;6,6.8e-08,0.0006744490444957063
cz,7;8,2.08e-07,0.0026627233399721395
cz,7;17,6.8e-08,0.00304603772006809
cz,8;7,2.08e-07,0.0026627233399721395
cz,8;9,6.8e-08,0.002070578874501572
cz,9;8,6.8e-08,0.002070578874501572
cz,9;10,6.8e-08,0.0016314901517047176
cz,10;9,6.8e-08,0.0016314901517047176
cz,10;11,6.8e-08,0.0011162786066303831
cz,11;10,6.8e-08,0.0011162786066303831
cz,11;12,6.8e-08,0.0017861370069168214
cz,11;18,6.8e-08,0.01904309433956175
cz,12;11,6.8e-08,0.0017861370069168214
cz,12;13,6.8e-08,0.0012729209778813144
cz,13;12,6.8e-08,0.0012729209778813144
cz,13;14,6.8e-08,0.0009332147442508154
cz,14;13,6.8e-08,0.0009332147442508154
cz,14;15,6.8e-08,0.0010947977284297694
cz,15;14,6.8e-08,0.0010947977284297694
cz,15;19,6.8e-08,0.0016896365683655434
cz,16;3,6.8e-08,0.007359944281663144
cz,16;23,6.8e-08,0.002865857684017592
cz,17;7,6.8e-08,0.00304603772006809
cz,17;27,6.8e-08,0.002556938457476704
cz,18;11,6.8e-08,0.01904309433956175
cz,18;31,6.8e-08,0.004423541388497182
cz,19;15,6.8e-08,0.0016896365683655434
cz,19;35,6.8e-08,0.005350918617259753
cz,20;21,6.8e-08,0.0015229899155429494
cz,21;20,6.8e-08,0.0015229899155429494
cz,21;22,9.6e-08,0.0008261994103309633
cz,21;36,6.8e-08,0.0008779872223288188
cz,22;21,9.6e-08,0.0008261994103309633
cz,22;23,6.8e-08,0.0058480715105589665
cz,23;16,6.8e-08,0.002865857684017592
cz,23;22,6.8e-08,0.0058480715105589665
cz,23;24,6.8e-08,0.00526774258932583
cz,24;23,6.8e-08,0.00526774258932583
cz,24;25,6.8e-08,0.0014428346443701723
cz,25;24,6.8e-08,0.0014428346443701723
cz,25;26,6.8e-08,0.0014035269402839223
cz,25;37,6.8e-08,0.0040938200366546496
cz,26;25,6.8e-08,0.0014035269402839223
cz,26;27,6.8e-08,0.004123916730592703
cz,27;17,6.8e-08,0.002556938457476704
cz,27;26,6.8e-08,0.004123916730592703
cz,27;28,6.8e-08,0.0024196635653181697
cz,28;27,6.8e-08,0.0024196635653181697
cz,28;29,6.8e-08,0.0041699995122673195
cz,29;28,6.8e-08,0.0041699995122673195
cz,29;30,6.8e-08,0.004681541687057533
cz,29;38,6.8e-08,0.0009226815779149189
cz,30;29,6.8e-08,0.004681541687057533
cz,30;31,6.8e-08,0.002679105494174744
cz,31;18,6.8e-08,0.004423541388497182
cz,31;30,6.8e-08,0.002679105494174744
cz,31;32,8e-08,0.002131922119648244
cz,32;31,8e-08,0.002131922119648244
cz,32;33,6.8e-08,0.02452571778925558
cz,33;32,6.8e-08,0.02452571778925558
cz,33;34,6.8e-08,0.000828095693606451
cz,33;39,6.8e-08,0.003014793667591942
cz,34;33,6.8e-08,0.000828095693606451
cz,34;35,6.8e-08,0.0047042502541671805
cz,35;19,6.8e-08,0.005350918617259753
cz,35;34,6.8e-08,0.0047042502541671805
cz,36;21,6.8e-08,0.0008779872223288188
cz,36;41,6.8e-08,0.0008939818443994552
cz,37;25,6.8e-08,0.0040938200366546496
cz,37;45,6.8e-08,0.010378420555298112
cz,38;29,6.8e-08,0.0009226815779149189
cz,38;49,6.8e-08,0.001667767418412014
cz,39;33,6.8e-08,0.003014793667591942
cz,39;53,6.8e-08,0.0010596269891270105
cz,40;41,6.8e-08,0.0008112803178810246
cz,41;36,6.8e-08,0.0008939818443994552
cz,41;40,6.8e-08,0.0008112803178810246
cz,41;42,6.8e-08,0.0018739679143574273
cz,42;41,6.8e-08,0.0018739679143574273
cz,42;43,6.8e-08,0.0017102365725123747
cz,43;42,6.8e-08,0.0017102365725123747
cz,43;44,6.8e-08,0.0008704895697112247
cz,43;56,6.8e-08,0.0011919417048807668
cz,44;43,6.8e-08,0.0008704895697112247
cz,44;45,6.8e-08,0.003846549648215375
cz,45;37,6.8e-08,0.010378420555298112
cz,45;44,6.8e-08,0.003846549648215375
cz,45;46,6.8e-08,0.003963697947147626
cz,46;45,6.8e-08,0.003963697947147626
cz,46;47,6.8e-08,0.004954462279607108
cz,47;46,6.8e-08,0.004954462279607108
cz,47;48,6.8e-08,0.021985755066548096
cz,47;57,6.8e-08,0.001930870370449117
cz,48;47,6.8e-08,0.021985755066548096
cz,48;49,6.8e-08,0.0009532243738097634
cz,49;38,6.8e-08,0.001667767418412014
cz,49;48,6.8e-08,0.0009532243738097634
cz,49;50,6.8e-08,0.028885710147954657
cz,50;49,6.8e-08,0.028885710147954657
cz,50;51,6.8e-08,0.001824782887821813
cz,51;50,6.8e-08,0.001824782887821813
cz,51;52,6.8e-08,0.0012301365573905432
cz,51;58,6.8e-08,0.0008787654264508782
cz,52;51,6.8e-08,0.0012301365573905432
cz,52;53,6.8e-08,0.0022602497445752545
cz,53;39,6.8e-08,0.0010596269891270105
cz,53;52,6.8e-08,0.0022602497445752545
cz,53;54,6.8e-08,0.0008080855412073984
cz,54;53,6.8e-08,0.0008080855412073984
cz,54;55,6.8e-08,0.0040309392738929195
cz,55;54,6.8e-08,0.0040309392738929195
cz,55;59,6.8e-08,0.005522090230773907
cz,56;43,6.8e-08,0.0011919417048807668
cz,56;63,6.8e-08,0.0017061926182430076
cz,57;47,6.8e-08,0.001930870370449117
cz,57;67,6.8e-08,0.001717246656925242
cz,58;51,6.8e-08,0.0008787654264508782
cz,58;71,6.8e-08,0.000986887499926481
cz,59;55,6.8e-08,0.005522090230773907
cz,59;75,6.8e-08,0.001263846404662039
cz,60;61,6.8e-08,0.0014985361582793288
cz,61;60,6.8e-08,0.0014985361582793288
cz,61;62,6.8e-08,0.1255751123529681
cz,61;76,6.8e-08,0.0026348483846559134
cz,62;61,6.8e-08,0.1255751123529681
cz,62;63,6.8e-08,0.07177196631537966
cz,63;56,6.8e-08,0.0017061926182430076
cz,63;62,6.8e-08,0.07177196631537966
cz,63;64,8e-08,0.0014453359561854284
cz,64;63,8e-08,0.0014453359561854284
cz,64;65,6.8e-08,0.0016952159670128863
cz,65;64,6.8e-08,0.0016952159670128863
cz,65;66,1e-07,0.0009056239587501014
cz,65;77,6.8e-08,0.0012702289519608834
cz,66;65,1e-07,0.0009056239587501014
cz,66;67,6.8e-08,0.0010930304616530995
cz,67;57,6.8e-08,0.001717246656925242
cz,67;66,6.8e-08,0.0010930304616530995
cz,67;68,6.8e-08,0.0012480712149470219
cz,68;67,6.8e-08,0.0012480712149470219
cz,68;69,6.8e-08,0.003268199646269926
cz,69;68,6.8e-08,0.003268199646269926
cz,69;70,6.8e-08,0.0024478983951054523
cz,69;78,6.8e-08,0.002037671850582373
cz,70;69,6.8e-08,0.0024478983951054523
cz,70;71,6.8e-08,0.002084197940624255
cz,71;58,6.8e-08,0.000986887499926481
cz,71;70,6.8e-08,0.002084197940624255
cz,71;72,6.8e-08,0.001001129389865435
cz,72;71,6.8e-08,0.001001129389865435
cz,72;73,6.8e-08,0.0012512736753829412
cz,73;72,6.8e-08,0.0012512736753829412
cz,73;74,6.8e-08,0.0011510570993266134
cz,73;79,6.8e-08,0.0037864486694331456
cz,74;73,6.8e-08,0.0011510570993266134
cz,74;75,6.8e-08,0.0061547092236168
cz,75;59,6.8e-08,0.001263846404662039
cz,75;74,6.8e-08,0.0061547092236168
cz,76;61,6.8e-08,0.0026348483846559134
cz,76;81,6.8e-08,0.0014894691006713534
cz,77;65,6.8e-08,0.0012702289519608834
cz,77;85,6.8e-08,0.01338055980631378
cz,78;69,6.8e-08,0.002037671850582373
cz,78;89,6.8e-08,0.0014282207872109431
cz,79;73,6.8e-08,0.0037864486694331456
cz,79;93,6.8e-08,0.005043316704361117
cz,80;81,6.8e-08,0.001205957644131811
cz,81;76,6.8e-08,0.0014894691006713534
cz,81;80,6.8e-08,0.001205957644131811
cz,81;82,6.8e-08,0.0016606019576392017
cz,82;81,6.8e-08,0.0016606019576392017
cz,82;83,6.8e-08,0.00220212384183191
cz,83;82,6.8e-08,0.00220212384183191
cz,83;84,6.8e-08,0.0026412595334157907
cz,83;96,6.8e-08,0.002328575194167626
cz,84;83,6.8e-08,0.0026412595334157907
cz,84;85,6.8e-08,0.005266047486516379
cz,85;77,6.8e-08,0.01338055980631378
cz,85;84,6.8e-08,0.005266047486516379
cz,85;86,6.8e-08,0.013792015051451528
cz,86;85,6.8e-08,0.013792015051451528
cz,86;87,6.8e-08,0.006511154370492711
cz,87;86,6.8e-08,0.006511154370492711
cz,87;88,6.8e-08,0.0009910593689657077
cz,87;97,6.8e-08,0.004035566127511325
cz,88;87,6.8e-08,0.0009910593689657077
cz,88;89,6.8e-08,0.0015464990171495385
cz,89;78,6.8e-08,0.0014282207872109431
cz,89;88,6.8e-08,0.0015464990171495385
cz,89;90,6.8e-08,0.0013867747572250122
cz,90;89,6.8e-08,0.0013867747572250122
cz,90;91,6.8e-08,0.004336138995473776
cz,91;90,6.8e-08,0.004336138995473776
cz,91;92,1.08e-07,0.0016172319692416004
cz,91;98,2.08e-07,0.0016936026174669272
cz,92;91,1.08e-07,0.0016172319692416004
cz,92;93,6.8e-08,0.0025627170992562065
cz,93;79,6.8e-08,0.005043316704361117
cz,93;92,6.8e-08,0.0025627170992562065
cz,93;94,6.8e-08,0.0049951221543301505
cz,94;93,6.8e-08,0.0049951221543301505
cz,94;95,6.8e-08,0.0021408022807902494
cz,95;94,6.8e-08,0.0021408022807902494
cz,95;99,6.8e-08,0.0011271990526497688
cz,96;83,6.8e-08,0.002328575194167626
cz,96;103,6.8e-08,0.004368268630734112
cz,97;87,6.8e-08,0.004035566127511325
cz,97;107,6.8e-08,0.0027368166258390225
cz,98;91,2.08e-07,0.0016936026174669272
cz,98;111,6.8e-08,0.0021644969530779934
cz,99;95,6.8e-08,0.0011271990526497688
cz,99;115,6.8e-08,0.01524726686782607
cz,100;101,6.8e-08,0.0008721460978478035
cz,101;100,6.8e-08,0.0008721460978478035
cz,101;102,6.8e-08,0.001894774270287336
cz,101;116,6.8e-08,0.0008359100972408773
cz,102;101,6.8e-08,0.001894774270287336
cz,102;103,6.8e-08,0.0021266523600015075
cz,103;96,6.8e-08,0.004368268630734112
cz,103;102,6.8e-08,0.0021266523600015075
cz,103;104,6.8e-08,0.000810389765985714
cz,104;103,6.8e-08,0.000810389765985714
cz,104;105,6.8e-08,0.0013987365589085976
cz,105;104,6.8e-08,0.0013987365589085976
cz,105;106,9.2e-08,0.009616086608503799
cz,105;117,6.8e-08,0.001637207470253893
cz,106;105,9.2e-08,0.009616086608503799
cz,106;107,6.8e-08,0.0030976329268674885
cz,107;97,6.8e-08,0.0027368166258390225
cz,107;106,6.8e-08,0.0030976329268674885
cz,107;108,6.8e-08,0.0010385108593939096
cz,108;107,6.8e-08,0.0010385108593939096
cz,108;109,6.8e-08,0.0012824536029985012
cz,109;108,6.8e-08,0.0012824536029985012
cz,109;110,6.8e-08,0.001368681280724704
cz,109;118,6.8e-08,0.001152976463889649
cz,110;109,6.8e-08,0.001368681280724704
cz,110;111,6.8e-08,0.007251727904286354
cz,111;98,6.8e-08,0.0021644969530779934
cz,111;110,6.8e-08,0.007251727904286354
cz,111;112,6.8e-08,0.001488173381211877
cz,112;111,6.8e-08,0.001488173381211877
cz,112;113,6.8e-08,0.0016197826654723302
cz,113;112,6.8e-08,0.0016197826654723302
cz,113;114,6.8e-08,0.002017384027154484
cz,113;119,6.8e-08,0.0011325944389957154
cz,114;113,6.8e-08,0.002017384027154484
cz,114;115,6.8e-08,0.0414239313365293
cz,115;99,6.8e-08,0.01524726686782607
cz,115;114,6.8e-08,0.0414239313365293
cz,116;101,6.8e-08,0.0008359100972408773
cz,116;121,6.8e-08,0.0035210922181312665
cz,117;105,6.8e-08,0.001637207470253893
cz,117;125,6.8e-08,0.0008112619958259015
cz,118;109,6.8e-08,0.001152976463889649
cz,118;129,6.8e-08,0.006329818609284221
cz,119;113,6.8e-08,0.0011325944389957154
cz,119;133,6.8e-08,0.005050186877804508
cz,120;121,6.8e-08,0.0009844124691654743
cz,121;116,6.8e-08,0.0035210922181312665
cz,121;120,6.8e-08,0.0009844124691654743
cz,121;122,6.8e-08,0.0014872295251889545
cz,122;121,6.8e-08,0.0014872295251889545
cz,122;123,6.8e-08,0.0009251674357635686
cz,123;122,6.8e-08,0.0009251674357635686
cz,123;124,6.8e-08,0.0028439961758094656
cz,123;136,6.8e-08,0.0031341964801220867
cz,124;123,6.8e-08,0.0028439961758094656
cz,124;125,6.8e-08,0.0012753849556260688
cz,125;117,6.8e-08,0.0008112619958259015
cz,125;124,6.8e-08,0.0012753849556260688
cz,125;126,6.8e-08,0.0016264228252271251
cz,126;125,6.8e-08,0.0016264228252271251
cz,126;127,6.8e-08,0.001674512974331771
cz,127;126,6.8e-08,0.001674512974331771
cz,127;128,6.8e-08,0.007055327864187971
cz,127;137,6.8e-08,0.00102744255221221
cz,128;127,6.8e-08,0.007055327864187971
cz,128;129,6.8e-08,0.0039018462639258122
cz,129;118,6.8e-08,0.006329818609284221
cz,129;128,6.8e-08,0.0039018462639258122
cz,129;130,6.8e-08,0.002763552884097187
cz,130;129,6.8e-08,0.002763552884097187
cz,130;131,6.8e-08,0.0022409558684212683
cz,131;130,6.8e-08,0.0022409558684212683
cz,131;132,6.8e-08,0.001165854438829661
cz,131;138,6.8e-08,0.001588236893894479
cz,132;131,6.8e-08,0.001165854438829661
cz,132;133,6.8e-08,0.001245316618853548
cz,133;119,6.8e-08,0.005050186877804508
cz,133;132,6.8e-08,0.001245316618853548
cz,133;134,6.8e-08,0.001582220030959508
cz,134;133,6.8e-08,0.001582220030959508
cz,134;135,6.8e-08,0.0011637517506027928
cz,135;134,6.8e-08,0.0011637517506027928
cz,135;139,6.8e-08,0.0013699551722865244
cz,136;123,6.8e-08,0.0031341964801220867
cz,136;143,6.8e-08,0.0023292534434254664
cz,137;127,6.8e-08,0.00102744255221221
cz,137;147,6.8e-08,0.007728754685295991
cz,138;131,6.8e-08,0.001588236893894479
cz,138;151,6.8e-08,0.001154262478100021
cz,139;135,6.8e-08,0.0013699551722865244
cz,139;155,6.8e-08,0.0012357090216995326
cz,140;141,6.8e-08,0.0010123661916656423
cz,141;140,6.8e-08,0.0010123661916656423
cz,141;142,1.28e-07,0.002095564246587106
cz,142;141,1.28e-07,0.002095564246587106
cz,142;143,6.8e-08,0.0026757820560915913
cz,143;136,6.8e-08,0.0023292534434254664
cz,143;142,6.8e-08,0.0026757820560915913
cz,143;144,6.8e-08,0.003073599748543876
cz,144;143,6.8e-08,0.003073599748543876
cz,144;145,6.8e-08,0.0014791688918746326
cz,145;144,6.8e-08,0.0014791688918746326
cz,145;146,6.8e-08,1.0
cz,146;145,6.8e-08,1.0
cz,146;147,6.8e-08,0.0018237810993251558
cz,147;137,6.8e-08,0.007728754685295991
cz,147;146,6.8e-08,0.0018237810993251558
cz,147;148,6.8e-08,0.0030971968004119554
cz,148;147,6.8e-08,0.0030971968004119554
cz,148;149,6.8e-08,0.00123652702996066
cz,149;148,6.8e-08,0.00123652702996066
cz,149;150,6.8e-08,0.0008207186105392006
cz,150;149,6.8e-08,0.0008207186105392006
cz,150;151,6.8e-08,0.0017142904884064336
cz,151;138,6.8e-08,0.001154262478100021
cz,151;150,6.8e-08,0.0017142904884064336
cz,151;152,6.8e-08,0.0017097799498380362
cz,152;151,6.8e-08,0.0017097799498380362
cz,152;153,6.8e-08,1.0
cz,153;152,6.8e-08,1.0
cz,153;154,6.8e-08,1.0
cz,154;153,6.8e-08,1.0
cz,154;155,6.8e-08,0.0016727574125154354
cz,155;139,6.8e-08,0.0012357090216995326
cz,155;154,6.8e-08,0.0016727574125154354
rx,0,3.2e-08,9.507913265480407e-05
rx,1,3.2e-08,0.00020294838427007878
rx,2,3.2e-08,0.00015687044995860153
rx,3,3.2e-08,0.0002544410829725376
rx,4,3.2e-08,0.00016509832598280149
rx,5,3.2e-08,9.52606940999758e-05
rx,6,3.2e-08,0.00011023668513214265
rx,7,3.2e-08,0.00019547084150020838
rx,8,3.2e-08,9.368274450347446e-05
rx,9,3.2e-08,0.00012140762101135283
rx,10,3.2e-08,0.00012850898249297475
rx,11,3.2e-08,0.00012962332563067758
rx,12,3.2e-08,0.0001413176333937481
rx,13,3.2e-08,0.0001261214236658562
rx,14,3.2e-08,0.00016224523138025457
rx,15,3.2e-08,0.00019396253466532517
rx,16,3.2e-08,0.00012234597667075238
rx,17,3.2e-08,0.00011422437135434228
rx,18,3.2e-08,0.00018873565367524898
rx,19,3.2e-08,0.00010429215987264969
rx,20,3.2e-08,0.00021650769155872853
rx,21,3.2e-08,0.0001072828221255786
rx,22,3.2e-08,0.0001528970320915517
rx,23,3.2e-08,0.0004569887358530038
rx,24,3.2e-08,0.00010400063853735993
rx,25,3.2e-08,0.00013460220765893128
rx,26,3.2e-08,0.00027257542648776595
rx,27,3.2e-08,0.00018692664552401805
rx,28,3.2e-08,9.693906924391193e-05
rx,29,3.2e-08,7.324709469552848e-05
rx,30,3.2e-08,0.00011504736890380915
rx,31,3.2e-08,0.00016468563337901997
rx,32,3.2e-08,0.000269742623363281
rx,33,3.2e-08,0.00012499458222226326
rx,34,3.2e-08,0.0001245758705951733
rx,35,3.2e-08,0.00013596886472884464
rx,36,3.2e-08,0.00019051889244702295
rx,37,3.2e-08,0.00018356920097418525
rx,38,3.2e-08,0.00025902690946985537
rx,39,3.2e-08,0.0001318320884597663
rx,40,3.2e-08,0.0001281544941044438
rx,41,3.2e-08,0.00016927757532869697
rx,42,3.2e-08,0.00023433073160507737
rx,43,3.2e-08,0.00017533811426281615
rx,44,3.2e-08,0.00020897258306009386
rx,45,3.2e-08,0.0001946469701795882
rx,46,3.2e-08,0.004164339290557219
rx,47,3.2e-08,7.598243649897602e-05
rx,48,3.2e-08,0.00011016265389284198
rx,49,3.2e-08,0.00010813952382550713
rx,50,3.2e-08,0.00019512787720948673
rx,51,3.2e-08,0.0001724977838607301
rx,52,3.2e-08,0.00032665698340887396
rx,53,3.2e-08,0.0005229245437860457
rx,54,3.2e-08,0.0002715541009884897
rx,55,3.2e-08,0.0001644798081317479
rx,56,3.2e-08,0.00014075155090851973
rx,57,3.2e-08,0.004253191966433971
rx,58,3.2e-08,0.00013266737077335085
rx,59,3.2e-08,0.0003608783356055081
rx,60,3.2e-08,0.00026654229965237375
rx,61,3.2e-08,0.00010615486465478066
rx,62,3.2e-08,0.019261327248711473
rx,63,3.2e-08,0.0005551009301256889
rx,64,3.2e-08,0.00019223693768630838
rx,65,3.2e-08,0.00015613244634407245
rx,66,3.2e-08,9.199013252743222e-05
rx,67,3.2e-08,0.00017841635263901636
rx,68,3.2e-08,0.00013825938561708333
rx,69,3.2e-08,0.00011899926487696885
rx,70,3.2e-08,0.0001728547354255179
rx,71,3.2e-08,0.00011861396902166515
rx,72,3.2e-08,0.00010352805183333094
rx,73,3.2e-08,7.801915495099202e-05
rx,74,3.2e-08,0.00023105185347839562
rx,75,3.2e-08,0.0001166785110504155
rx,76,3.2e-08,0.00024007152537391471
rx,77,3.2e-08,0.0001335319066721975
rx,78,3.2e-08,0.0001580740999956268
rx,79,3.2e-08,0.00015356316996149923
rx,80,3.2e-08,0.0001096805229587326
rx,81,3.2e-08,0.0001739849653391801
rx,82,3.2e-08,0.00048432935577460973
rx,83,3.2e-08,0.00037251970047956484
rx,84,3.2e-08,0.00027905281514982
rx,85,3.2e-08,0.00018053995507805125
rx,86,3.2e-08,0.00029143455225638963
rx,87,3.2e-08,0.0003254594731630363
rx,88,3.2e-08,0.00033731426929576756
rx,89,3.2e-08,0.0001635736396290732
rx,90,3.2e-08,0.00012131630436021999
rx,91,3.2e-08,0.0001261145045804531
rx,92,3.2e-08,0.00028344074232950736
rx,93,3.2e-08,0.0005777468838222394
rx,94,3.2e-08,0.00016042283392562426
rx,95,3.2e-08,0.0001694633571913127
rx,96,3.2e-08,0.0004888143789546983
rx,97,3.2e-08,0.00029883714897820183
rx,98,3.2e-08,0.00023071337762413125
rx,99,3.2e-08,8.608205157307348e-05
rx,100,3.2e-08,0.00018228192875855548
rx,101,3.2e-08,0.0002285138423394441
rx,102,3.2e-08,0.00016483521289006062
rx,103,3.2e-08,0.00012075279659660132
rx,104,3.2e-08,0.0001631994073325949
rx,105,3.2e-08,0.0002232033621489414
rx,106,3.2e-08,0.00018257395727350718
rx,107,3.2e-08,0.0001868432246661795
rx,108,3.2e-08,0.0001107607702712465
rx,109,3.2e-08,0.00019446130848193148
rx,110,3.2e-08,0.0002662489243959791
rx,111,3.2e-08,0.00010880442120877536
rx,112,3.2e-08,0.0001588341911267923
rx,113,3.2e-08,0.00013065547868035496
rx,114,3.2e-08,0.0001930134613860959
rx,115,3.2e-08,0.0001961115386743617
rx,116,3.2e-08,0.0003180571297144404
rx,117,3.2e-08,0.0002979925439063977
rx,118,3.2e-08,0.0003265106869909735
rx,119,3.2e-08,0.00018622423309863016
rx,120,3.2e-08,0.0001914218121735107
rx,121,3.2e-08,0.00026510702793641733
rx,122,3.2e-08,0.00016680377547781606
rx,123,3.2e-08,0.00015801817181718
rx,124,3.2e-08,0.00025712394138551674
rx,125,3.2e-08,0.0003431470412209032
rx,126,3.2e-08,0.0001895953583488021
rx,127,3.2e-08,0.00011111249777240633
rx,128,3.2e-08,0.00035189597406242405
rx,129,3.2e-08,0.00036367023692877566
rx,130,3.2e-08,0.00013977356489374129
rx,131,3.2e-08,0.00033609729228113695
rx,132,3.2e-08,0.00015014261192823774
rx,133,3.2e-08,0.00018290238679039204
rx,134,3.2e-08,0.00019713800140684217
rx,135,3.2e-08,0.00040972536508658976
rx,136,3.2e-08,0.00011410762828851538
rx,137,3.2e-08,0.00015100132784229175
rx,138,3.2e-08,0.0001565410105080037
rx,139,3.2e-08,0.00015368173397300997
rx,140,3.2e-08,0.00015642271776092313
rx,141,3.2e-08,0.00028223042686505574
rx,142,3.2e-08,0.00023217759690897914
rx,143,3.2e-08,0.000977479406728225
rx,144,3.2e-08,0.00035497038236283516
rx,145,3.2e-08,0.00018321316558846435
rx,146,3.2e-08,0.0001224929704893818
rx,147,3.2e-08,0.00015526703511191585
rx,148,3.2e-08,0.00016480439774120215
rx,149,3.2e-08,0.00015996407151957638
rx,150,3.2e-08,0.0002591082516212321
rx,151,3.2e-08,0.00014461270985481552
rx,152,3.2e-08,0.00015012051783610153
rx,153,3.2e-08,7.478074210476062e-05
rx,154,3.2e-08,0.00025608303735280254
rx,155,3.2e-08,0.0001153833479739656
measure,0,2.18e-06,0.0030517578125
measure,1,2.18e-06,0.0096435546875
measure,2,2.18e-06,0.0123291015625
measure,3,2.18e-06,0.0052490234375
measure,4,2.18e-06,0.006591796875
measure,5,2.18e-06,0.0032958984375
measure,6,2.18e-06,0.00341796875
measure,7,2.18e-06,0.0147705078125
measure,8,2.18e-06,0.0078125
measure,9,2.18e-06,0.00341796875
measure,10,2.18e-06,0.0040283203125
measure,11,2.18e-06,0.0067138671875
measure,12,2.18e-06,0.0015869140625
measure,13,2.18e-06,0.0015869140625
measure,14,2.18e-06,0.0025634765625
measure,15,2.18e-06,0.0035400390625
measure,16,2.18e-06,0.0050048828125
measure,17,2.18e-06,0.001708984375
measure,18,2.18e-06,0.020263671875
measure,19,2.18e-06,0.0030517578125
measure,20,2.18e-06,0.0050048828125
measure,21,2.18e-06,0.0069580078125
measure,22,2.18e-06,0.004638671875
measure,23,2.18e-06,0.0025634765625
measure,24,2.18e-06,0.0023193359375
measure,25,2.18e-06,0.001708984375
measure,26,2.18e-06,0.0093994140625
measure,27,2.18e-06,0.00390625
measure,28,2.18e-06,0.02197265625
measure,29,2.18e-06,0.0045166015625
measure,30,2.18e-06,0.0172119140625
measure,31,2.18e-06,0.0045166015625
measure,32,2.18e-06,0.00634765625
measure,33,2.18e-06,0.00341796875
measure,34,2.18e-06,0.0032958984375
measure,35,2.18e-06,0.0048828125
measure,36,2.18e-06,0.00537109375
measure,37,2.18e-06,0.0059814453125
measure,38,2.18e-06,0.005126953125
measure,39,2.18e-06,0.0057373046875
measure,40,2.18e-06,0.004638671875
measure,41,2.18e-06,0.0059814453125
measure,42,2.18e-06,0.0115966796875
measure,43,2.18e-06,0.0738525390625
measure,44,2.18e-06,0.0048828125
measure,45,2.18e-06,0.0048828125
measure,46,2.18e-06,0.022705078125
measure,47,2.18e-06,0.019287109375
measure,48,2.18e-06,0.0025634765625
measure,49,2.18e-06,0.001708984375
measure,50,2.18e-06,0.0032958984375
measure,51,2.18e-06,0.0069580078125
measure,52,2.18e-06,0.00634765625
measure,53,2.18e-06,0.0025634765625
measure,54,2.18e-06,0.00732421875
measure,55,2.18e-06,0.0035400390625
measure,56,2.18e-06,0.00732421875
measure,57,2.18e-06,0.0068359375
measure,58,2.18e-06,0.00341796875
measure,59,2.18e-06,0.0057373046875
measure,60,2.18e-06,0.00537109375
measure,61,2.18e-06,0.003662109375
measure,62,2.18e-06,0.1563720703125
measure,63,2.18e-06,0.031005859375
measure,64,2.18e-06,0.07275390625
measure,65,2.18e-06,0.0040283203125
measure,66,2.18e-06,0.006591796875
measure,67,2.18e-06,0.00439453125
measure,68,2.18e-06,0.00390625
measure,69,2.18e-06,0.0023193359375
measure,70,2.18e-06,0.0062255859375
measure,71,2.18e-06,0.004638671875
measure,72,2.18e-06,0.00634765625
measure,73,2.18e-06,0.00390625
measure,74,2.18e-06,0.00390625
measure,75,2.18e-06,0.00439453125
measure,76,2.18e-06,0.0052490234375
measure,77,2.18e-06,0.0025634765625
measure,78,2.18e-06,0.003662109375
measure,79,2.18e-06,0.006103515625
measure,80,2.18e-06,0.0089111328125
measure,81,2.18e-06,0.00439453125
measure,82,2.18e-06,0.0050048828125
measure,83,2.18e-06,0.0072021484375
measure,84,2.18e-06,0.00634765625
measure,85,2.18e-06,0.003662109375
measure,86,2.18e-06,0.017822265625
measure,87,2.18e-06,0.0372314453125
measure,88,2.18e-06,0.0037841796875
measure,89,2.18e-06,0.003173828125
measure,90,2.18e-06,0.004638671875
measure,91,2.18e-06,0.0145263671875
measure,92,2.18e-06,0.017822265625
measure,93,2.18e-06,0.0399169921875
measure,94,2.18e-06,0.0115966796875
measure,95,2.18e-06,0.0042724609375
measure,96,2.18e-06,0.005859375
measure,97,2.18e-06,0.0030517578125
measure,98,2.18e-06,0.0040283203125
measure,99,2.18e-06,0.005859375
measure,100,2.18e-06,0.00244140625
measure,101,2.18e-06,0.0118408203125
measure,102,2.18e-06,0.003662109375
measure,103,2.18e-06,0.0029296875
measure,104,2.18e-06,0.005126953125
measure,105,2.18e-06,0.00390625
measure,106,2.18e-06,0.010986328125
measure,107,2.18e-06,0.0025634765625
measure,108,2.18e-06,0.004150390625
measure,109,2.18e-06,0.002685546875
measure,110,2.18e-06,0.0078125
measure,111,2.18e-06,0.0045166015625
measure,112,2.18e-06,0.0064697265625
measure,113,2.18e-06,0.0050048828125
measure,114,2.18e-06,0.0064697265625
measure,115,2.18e-06,0.0059814453125
measure,116,2.18e-06,0.0025634765625
measure,117,2.18e-06,0.00390625
measure,118,2.18e-06,0.0472412109375
measure,119,2.18e-06,0.003173828125
measure,120,2.18e-06,0.004638671875
measure,121,2.18e-06,0.004638671875
measure,122,2.18e-06,0.0057373046875
measure,123,2.18e-06,0.0029296875
measure,124,2.18e-06,0.0032958984375
measure,125,2.18e-06,0.0052490234375
measure,126,2.18e-06,0.00537109375
measure,127,2.18e-06,0.005615234375
measure,128,2.18e-06,0.0135498046875
measure,129,2.18e-06,0.0029296875
measure,130,2.18e-06,0.0029296875
measure,131,2.18e-06,0.007080078125
measure,132,2.18e-06,0.0113525390625
measure,133,2.18e-06,0.0087890625
measure,134,2.18e-06,0.0042724609375
measure,135,2.18e-06,0.00439453125
measure,136,2.18e-06,0.0035400390625
measure,137,2.18e-06,0.0047607421875
measure,138,2.18e-06,0.0062255859375
measure,139,2.18e-06,0.01318359375
measure,140,2.18e-06,0.00732421875
measure,141,2.18e-06,0.0062255859375
measure,142,2.18e-06,0.003173828125
measure,143,2.18e-06,0.0430908203125
measure,144,2.18e-06,0.005615234375
measure,145,2.18e-06,0.0106201171875
measure,146,2.18e-06,0.0045166015625
measure,147,2.18e-06,0.0040283203125
measure,148,2.18e-06,0.0037841796875
measure,149,2.18e-06,0.006103515625
measure,150,2.18e-06,0.0030517578125
measure,151,2.18e-06,0.006103515625
measure,152,2.18e-06,0.0120849609375
measure,153,2.18e-06,0.01416015625
measure,154,2.18e-06,0.0101318359375
measure,155,2.18e-06,0.0042724609375
delay,0,,
delay,1,,
delay,2,,
delay,3,,
delay,4,,
delay,5,,
delay,6,,
delay,7,,
delay,8,,
delay,9,,
delay,10,,
delay,11,,
delay,12,,
delay,13,,
delay,14,,
delay,15,,
delay,16,,
delay,17,,
delay,18,,
delay,19,,
delay,20,,
delay,21,,
delay,22,,
delay,23,,
delay,24,,
delay,25,,
delay,26,,
delay,27,,
delay,28,,
delay,29,,
delay,30,,
delay,31,,
delay,32,,
delay,33,,
delay,34,,
delay,35,,
delay,36,,
delay,37,,
delay,38,,
delay,39,,
delay,40,,
delay,41,,
delay,42,,
delay,43,,
delay,44,,
delay,45,,
delay,46,,
delay,47,,
delay,48,,
delay,49,,
delay,50,,
delay,51,,
delay,52,,
delay,53,,
delay,54,,
delay,55,,
delay,56,,
delay,57,,
delay,58,,
delay,59,,
delay,60,,
delay,61,,
delay,62,,
delay,63,,
delay,64,,
delay,65,,
delay,66,,
delay,67,,
delay,68,,
delay,69,,
delay,70,,
delay,71,,
delay,72,,
delay,73,,
delay,74,,
delay,75,,
delay,76,,
delay,77,,
delay,78,,
delay,79,,
delay,80,,
delay,81,,
delay,82,,
delay,83,,
delay,84,,
delay,85,,
delay,86,,
delay,87,,
delay,88,,
delay,89,,
delay,90,,
delay,91,,
delay,92,,
delay,93,,
delay,94,,
delay,95,,
delay,96,,
delay,97,,
delay,98,,
delay,99,,
delay,100,,
delay,101,,
delay,102,,
delay,103,,
delay,104,,
delay,105,,
delay,106,,
delay,107,,
delay,108,,
delay,109,,
delay,110,,
delay,111,,
delay,112,,
delay,113,,
delay,114,,
delay,115,,
delay,116,,
delay,117,,
delay,118,,
delay,119,,
delay,120,,
delay,121,,
delay,122,,
delay,123,,
delay,124,,
delay,125,,
delay,126,,
delay,127,,
delay,128,,
delay,129,,
delay,130,,
delay,131,,
delay,132,,
delay,133,,
delay,134,,
delay,135,,
delay,136,,
delay,137,,
delay,138,,
delay,139,,
delay,140,,
delay,141,,
delay,142,,
delay,143,,
delay,144,,
delay,145,,
delay,146,,
delay,147,,
delay,148,,
delay,149,,
delay,150,,
delay,151,,
delay,152,,
delay,153,,
delay,154,,
delay,155,,
id,0,3.2e-08,9.507913265480407e-05
id,1,3.2e-08,0.00020294838427007878
id,2,3.2e-08,0.00015687044995860153
id,3,3.2e-08,0.0002544410829725376
id,4,3.2e-08,0.00016509832598280149
id,5,3.2e-08,9.52606940999758e-05
id,6,3.2e-08,0.00011023668513214265
id,7,3.2e-08,0.00019547084150020838
id,8,3.2e-08,9.368274450347446e-05
id,9,3.2e-08,0.00012140762101135283
id,10,3.2e-08,0.00012850898249297475
id,11,3.2e-08,0.00012962332563067758
id,12,3.2e-08,0.0001413176333937481
id,13,3.2e-08,0.0001261214236658562
id,14,3.2e-08,0.00016224523138025457
id,15,3.2e-08,0.00019396253466532517
id,16,3.2e-08,0.00012234597667075238
id,17,3.2e-08,0.00011422437135434228
id,18,3.2e-08,0.00018873565367524898
id,19,3.2e-08,0.00010429215987264969
id,20,3.2e-08,0.00021650769155872853
id,21,3.2e-08,0.0001072828221255786
id,22,3.2e-08,0.0001528970320915517
id,23,3.2e-08,0.0004569887358530038
id,24,3.2e-08,0.00010400063853735993
id,25,3.2e-08,0.00013460220765893128
id,26,3.2e-08,0.00027257542648776595
id,27,3.2e-08,0.00018692664552401805
id,28,3.2e-08,9.693906924391193e-05
id,29,3.2e-08,7.324709469552848e-05
id,30,3.2e-08,0.00011504736890380915
id,31,3.2e-08,0.00016468563337901997
id,32,3.2e-08,0.000269742623363281
id,33,3.2e-08,0.00012499458222226326
id,34,3.2e-08,0.0001245758705951733
id,35,3.2e-08,0.00013596886472884464
id,36,3.2e-08,0.00019051889244702295
id,37,3.2e-08,0.00018356920097418525
id,38,3.2e-08,0.00025902690946985537
id,39,3.2e-08,0.0001318320884597663
id,40,3.2e-08,0.0001281544941044438
id,41,3.2e-08,0.00016927757532869697
id,42,3.2e-08,0.00023433073160507737
id,43,3.2e-08,0.00017533811426281615
id,44,3.2e-08,0.00020897258306009386
id,45,3.2e-08,0.0001946469701795882
id,46,3.2e-08,0.004164339290557219
id,47,3.2e-08,7.598243649897602e-05
id,48,3.2e-08,0.00011016265389284198
id,49,3.2e-08,0.00010813952382550713
id,50,3.2e-08,0.00019512787720948673
id,51,3.2e-08,0.0001724977838607301
id,52,3.2e-08,0.00032665698340887396
id,53,3.2e-08,0.0005229245437860457
id,54,3.2e-08,0.0002715541009884897
id,55,3.2e-08,0.0001644798081317479
id,56,3.2e-08,0.00014075155090851973
id,57,3.2e-08,0.004253191966433971
id,58,3.2e-08,0.00013266737077335085
id,59,3.2e-08,0.0003608783356055081
id,60,3.2e-08,0.00026654229965237375
id,61,3.2e-08,0.00010615486465478066
id,62,3.2e-08,0.019261327248711473
id,63,3.2e-08,0.0005551009301256889
id,64,3.2e-08,0.00019223693768630838
id,65,3.2e-08,0.00015613244634407245
id,66,3.2e-08,9.199013252743222e-05
id,67,3.2e-08,0.00017841635263901636
id,68,3.2e-08,0.00013825938561708333
id,69,3.2e-08,0.00011899926487696885
id,70,3.2e-08,0.0001728547354255179
id,71,3.2e-08,0.00011861396902166515
id,72,3.2e-08,0.00010352805183333094
id,73,3.2e-08,7.801915495099202e-05
id,74,3.2e-08,0.00023105185347839562
id,75,3.2e-08,0.0001166785110504155
id,76,3.2e-08,0.00024007152537391471
id,77,3.2e-08,0.0001335319066721975
id,78,3.2e-08,0.0001580740999956268
id,79,3.2e-08,0.00015356316996149923
id,80,3.2e-08,0.0001096805229587326
id,81,3.2e-08,0.0001739849653391801
id,82,3.2e-08,0.00048432935577460973
id,83,3.2e-08,0.00037251970047956484
id,84,3.2e-08,0.00027905281514982
id,85,3.2e-08,0.00018053995507805125
id,86,3.2e-08,0.00029143455225638963
id,87,3.2e-08,0.0003254594731630363
id,88,3.2e-08,0.00033731426929576756
id,89,3.2e-08,0.0001635736396290732
id,90,3.2e-08,0.00012131630436021999
id,91,3.2e-08,0.0001261145045804531
id,92,3.2e-08,0.00028344074232950736
id,93,3.2e-08,0.0005777468838222394
id,94,3.2e-08,0.00016042283392562426
id,95,3.2e-08,0.0001694633571913127
id,96,3.2e-08,0.0004888143789546983
id,97,3.2e-08,0.00029883714897820183
id,98,3.2e-08,0.00023071337762413125
id,99,3.2e-08,8.608205157307348e-05
id,100,3.2e-08,0.00018228192875855548
id,101,3.2e-08,0.0002285138423394441
id,102,3.2e-08,0.00016483521289006062
id,103,3.2e-08,0.00012075279659660132
id,104,3.2e-08,0.0001631994073325949
id,105,3.2e-08,0.0002232033621489414
id,106,3.2e-08,0.00018257395727350718
id,107,3.2e-08,0.0001868432246661795
id,108,3.2e-08,0.0001107607702712465
id,109,3.2e-08,0.00019446130848193148
id,110,3.2e-08,0.0002662489243959791
id,111,3.2e-08,0.00010880442120877536
id,112,3.2e-08,0.0001588341911267923
id,113,3.2e-08,0.00013065547868035496
id,114,3.2e-08,0.0001930134613860959
id,115,3.2e-08,0.0001961115386743617
id,116,3.2e-08,0.0003180571297144404
id,117,3.2e-08,0.0002979925439063977
id,118,3.2e-08,0.0003265106869909735
id,119,3.2e-08,0.00018622423309863016
id,120,3.2e-08,0.0001914218121735107
id,121,3.2e-08,0.00026510702793641733
id,122,3.2e-08,0.00016680377547781606
id,123,3.2e-08,0.00015801817181718
id,124,3.2e-08,0.00025712394138551674
id,125,3.2e-08,0.0003431470412209032
id,126,3.2e-08,0.0001895953583488021
id,127,3.2e-08,0.00011111249777240633
id,128,3.2e-08,0.00035189597406242405
id,129,3.2e-08,0.00036367023692877566
id,130,3.2e-08,0.00013977356489374129
id,131,3.2e-08,0.00033609729228113695
id,132,3.2e-08,0.00015014261192823774
id,133,3.2e-08,0.00018290238679039204
id,134,3.2e-08,0.00019713800140684217
id,135,3.2e-08,0.00040972536508658976
id,136,3.2e-08,0.00011410762828851538
id,137,3.2e-08,0.00015100132784229175
id,138,3.2e-08,0.0001565410105080037
id,139,3.2e-08,0.00015368173397300997
id,140,3.2e-08,0.00015642271776092313
id,141,3.2e-08,0.00028223042686505574
id,142,3.2e-08,0.00023217759690897914
id,143,3.2e-08,0.000977479406728225
id,144,3.2e-08,0.00035497038236283516
id,145,3.2e-08,0.00018321316558846435
id,146,3.2e-08,0.0001224929704893818
id,147,3.2e-08,0.00015526703511191585
id,148,3.2e-08,0.00016480439774120215
id,149,3.2e-08,0.00015996407151957638
id,150,3.2e-08,0.0002591082516212321
id,151,3.2e-08,0.00014461270985481552
id,152,3.2e-08,0.00015012051783610153
id,153,3.2e-08,7.478074210476062e-05
id,154,3.2e-08,0.00025608303735280254
id,155,3.2e-08,0.0001153833479739656
if_else,,,
x,0,3.2e-08,9.507913265480407e-05
x,1,3.2e-08,0.00020294838427007878
x,2,3.2e-08,0.00015687044995860153
x,3,3.2e-08,0.0002544410829725376
x,4,3.2e-08,0.00016509832598280149
x,5,3.2e-08,9.52606940999758e-05
x,6,3.2e-08,0.00011023668513214265
x,7,3.2e-08,0.00019547084150020838
x,8,3.2e-08,9.368274450347446e-05
x,9,3.2e-08,0.00012140762101135283
x,10,3.2e-08,0.00012850898249297475
x,11,3.2e-08,0.00012962332563067758
x,12,3.2e-08,0.0001413176333937481
x,13,3.2e-08,0.0001261214236658562
x,14,3.2e-08,0.00016224523138025457
x,15,3.2e-08,0.00019396253466532517
x,16,3.2e-08,0.00012234597667075238
x,17,3.2e-08,0.00011422437135434228
x,18,3.2e-08,0.00018873565367524898
x,19,3.2e-08,0.00010429215987264969
x,20,3.2e-08,0.00021650769155872853
x,21,3.2e-08,0.0001072828221255786
x,22,3.2e-08,0.0001528970320915517
x,23,3.2e-08,0.0004569887358530038
x,24,3.2e-08,0.00010400063853735993
x,25,3.2e-08,0.00013460220765893128
x,26,3.2e-08,0.00027257542648776595
x,27,3.2e-08,0.00018692664552401805
x,28,3.2e-08,9.693906924391193e-05
x,29,3.2e-08,7.324709469552848e-05
x,30,3.2e-08,0.00011504736890380915
x,31,3.2e-08,0.00016468563337901997
x,32,3.2e-08,0.000269742623363281
x,33,3.2e-08,0.00012499458222226326
x,34,3.2e-08,0.0001245758705951733
x,35,3.2e-08,0.00013596886472884464
x,36,3.2e-08,0.00019051889244702295
x,37,3.2e-08,0.00018356920097418525
x,38,3.2e-08,0.00025902690946985537
x,39,3.2e-08,0.0001318320884597663
x,40,3.2e-08,0.0001281544941044438
x,41,3.2e-08,0.00016927757532869697
x,42,3.2e-08,0.00023433073160507737
x,43,3.2e-08,0.00017533811426281615
x,44,3.2e-08,0.00020897258306009386
x,45,3.2e-08,0.0001946469701795882
x,46,3.2e-08,0.004164339290557219
x,47,3.2e-08,7.598243649897602e-05
x,48,3.2e-08,0.00011016265389284198
x,49,3.2e-08,0.00010813952382550713
x,50,3.2e-08,0.00019512787720948673
x,51,3.2e-08,0.0001724977838607301
x,52,3.2e-08,0.00032665698340887396
x,53,3.2e-08,0.0005229245437860457
x,54,3.2e-08,0.0002715541009884897
x,55,3.2e-08,0.0001644798081317479
x,56,3.2e-08,0.00014075155090851973
x,57,3.2e-08,0.004253191966433971
x,58,3.2e-08,0.00013266737077335085
x,59,3.2e-08,0.0003608783356055081
x,60,3.2e-08,0.00026654229965237375
x,61,3.2e-08,0.00010615486465478066
x,62,3.2e-08,0.019261327248711473
x,63,3.2e-08,0.0005551009301256889
x,64,3.2e-08,0.00019223693768630838
x,65,3.2e-08,0.00015613244634407245
x,66,3.2e-08,9.199013252743222e-05
x,67,3.2e-08,0.00017841635263901636
x,68,3.2e-08,0.00013825938561708333
x,69,3.2e-08,0.00011899926487696885
x,70,3.2e-08,0.0001728547354255179
x,71,3.2e-08,0.00011861396902166515
x,72,3.2e-08,0.00010352805183333094
x,73,3.2e-08,7.801915495099202e-05
x,74,3.2e-08,0.00023105185347839562
x,75,3.2e-08,0.0001166785110504155
x,76,3.2e-08,0.00024007152537391471
x,77,3.2e-08,0.0001335319066721975
x,78,3.2e-08,0.0001580740999956268
x,79,3.2e-08,0.00015356316996149923
x,80,3.2e-08,0.0001096805229587326
x,81,3.2e-08,0.0001739849653391801
x,82,3.2e-08,0.00048432935577460973
x,83,3.2e-08,0.00037251970047956484
x,84,3.2e-08,0.00027905281514982
x,85,3.2e-08,0.00018053995507805125
x,86,3.2e-08,0.00029143455225638963
x,87,3.2e-08,0.0003254594731630363
x,88,3.2e-08,0.00033731426929576756
x,89,3.2e-08,0.0001635736396290732
x,90,3.2e-08,0.00012131630436021999
x,91,3.2e-08,0.0001261145045804531
x,92,3.2e-08,0.00028344074232950736
x,93,3.2e-08,0.0005777468838222394
x,94,3.2e-08,0.00016042283392562426
x,95,3.2e-08,0.0001694633571913127
x,96,3.2e-08,0.0004888143789546983
x,97,3.2e-08,0.00029883714897820183
x,98,3.2e-08,0.00023071337762413125
x,99,3.2e-08,8.608205157307348e-05
x,100,3.2e-08,0.00018228192875855548
x,101,3.2e-08,0.0002285138423394441
x,102,3.2e-08,0.00016483521289006062
x,103,3.2e-08,0.00012075279659660132
x,104,3.2e-08,0.0001631994073325949
x,105,3.2e-08,0.0002232033621489414
x,106,3.2e-08,0.00018257395727350718
x,107,3.2e-08,0.0001868432246661795
x,108,3.2e-08,0.0001107607702712465
x,109,3.2e-08,0.00019446130848193148
x,110,3.2e-08,0.0002662489243959791
x,111,3.2e-08,0.00010880442120877536
x,112,3.2e-08,0.0001588341911267923
x,113,3.2e-08,0.00013065547868035496
x,114,3.2e-08,0.0001930134613860959
x,115,3.2e-08,0.0001961115386743617
x,116,3.2e-08,0.0003180571297144404
x,117,3.2e-08,0.0002979925439063977
x,118,3.2e-08,0.0003265106869909735
x,119,3.2e-08,0.00018622423309863016
x,120,3.2e-08,0.0001914218121735107
x,121,3.2e-08,0.00026510702793641733
x,122,3.2e-08,0.00016680377547781606
x,123,3.2e-08,0.00015801817181718
x,124,3.2e-08,0.00025712394138551674
x,125,3.2e-08,0.0003431470412209032
x,126,3.2e-08,0.0001895953583488021
x,127,3.2e-08,0.00011111249777240633
x,128,3.2e-08,0.00035189597406242405
x,129,3.2e-08,0.00036367023692877566
x,130,3.2e-08,0.00013977356489374129
x,131,3.2e-08,0.00033609729228113695
x,132,3.2e-08,0.00015014261192823774
x,133,3.2e-08,0.00018290238679039204
x,134,3.2e-08,0.00019713800140684217
x,135,3.2e-08,0.00040972536508658976
x,136,3.2e-08,0.00011410762828851538
x,137,3.2e-08,0.00015100132784229175
x,138,3.2e-08,0.0001565410105080037
x,139,3.2e-08,0.00015368173397300997
x,140,3.2e-08,0.00015642271776092313
x,141,3.2e-08,0.00028223042686505574
x,142,3.2e-08,0.00023217759690897914
x,143,3.2e-08,0.000977479406728225
x,144,3.2e-08,0.00035497038236283516
x,145,3.2e-08,0.00018321316558846435
x,146,3.2e-08,0.0001224929704893818
x,147,3.2e-08,0.00015526703511191585
x,148,3.2e-08,0.00016480439774120215
x,149,3.2e-08,0.00015996407151957638
x,150,3.2e-08,0.0002591082516212321
x,151,3.2e-08,0.00014461270985481552
x,152,3.2e-08,0.00015012051783610153
x,153,3.2e-08,7.478074210476062e-05
x,154,3.2e-08,0.00025608303735280254
x,155,3.2e-08,0.0001153833479739656
