"source_file","job_id","num_qubits","physical_qubits","backend","status","folder","experiment_json","calibration_csv","expectation_value","estimated_fidelity","shots","utc_execution_time"
"w_state_1780694492.6515644_2_[36, 21, 22, 23, 24, 25, 37].json","d8hjrmtv8cos73f4ic70","2","[36, 21, 22, 23, 24, 25, 37]","ibm_quebec","ok","w_state_n_2_d8hjrmtv8cos73f4ic70_36_21_22_23_24_25_37","2_w_state_2026-06-05T21_52_44Z_16384_no_correction.json","ibm_quebec_calibrations_2026-06-05T21_23_45Z.csv","0.00599900534626388","0,9940009946537361","16384","2026-06-05T21:52:44.305155Z"
"w_state_1780694493.0965009_2_[25, 24, 23, 22, 21, 36, 41].json","d8hjrn66983c73dr5jtg","2","[25, 24, 23, 22, 21, 36, 41]","ibm_quebec","ok","w_state_n_2_d8hjrn66983c73dr5jtg_25_24_23_22_21_36_41","2_w_state_2026-06-05T21_52_45Z_16384_no_correction.json","ibm_quebec_calibrations_2026-06-05T21_23_45Z.csv","0.0033300291183942232","0,9966699708816058","16384","2026-06-05T21:52:45.008836Z"
"w_state_1780694493.495186_2_[20, 21, 22, 23, 24, 25, 37].json","d8hjrn66983c73dr5jug","2","[20, 21, 22, 23, 24, 25, 37]","ibm_quebec","ok","w_state_n_2_d8hjrn66983c73dr5jug_20_21_22_23_24_25_37","2_w_state_2026-06-05T21_52_45Z_16384_no_correction.json","ibm_quebec_calibrations_2026-06-05T21_23_45Z.csv","0.008328154133001808","0,9916718458669982","16384","2026-06-05T21:52:45.916706Z"
"w_state_1780694493.9012642_2_[24, 23, 22, 21, 36, 41, 40].json","d8hjrne6983c73dr5jv0","2","[24, 23, 22, 21, 36, 41, 40]","ibm_quebec","ok","w_state_n_2_d8hjrne6983c73dr5jv0_24_23_22_21_36_41_40","2_w_state_2026-06-05T21_52_46Z_16384_no_correction.json","ibm_quebec_calibrations_2026-06-05T21_23_45Z.csv","0.0031973298396656413","0,9968026701603343","16384","2026-06-05T21:52:46.282835Z"
"w_state_1780694494.2924724_2_[68, 69, 70, 71, 72, 73, 79].json","d8hjrndv8cos73f4ic7g","2","[68, 69, 70, 71, 72, 73, 79]","ibm_quebec","ok","w_state_n_2_d8hjrndv8cos73f4ic7g_68_69_70_71_72_73_79","2_w_state_2026-06-05T21_54_52Z_16384_no_correction.json","ibm_quebec_calibrations_2026-06-05T21_23_45Z.csv","0.004196345617838271","0,9958036543821618","16384","2026-06-05T21:54:52.124842Z"
"w_state_1780694494.7451565_2_[21, 22, 23, 24, 25, 37, 45].json","d8hjrn9e8nrc73bhb0h0","2","[21, 22, 23, 24, 25, 37, 45]","ibm_quebec","ok","w_state_n_2_d8hjrn9e8nrc73bhb0h0_21_22_23_24_25_37_45","2_w_state_2026-06-05T21_55_23Z_16384_no_correction.json","ibm_quebec_calibrations_2026-06-05T21_23_45Z.csv","0.007359361357116206","0,9926406386428838","16384","2026-06-05T21:55:23.753738Z"
"w_state_1780694495.1398838_2_[68, 69, 70, 71, 72, 73, 74].json","d8hjrnk2upec739l6fh0","2","[68, 69, 70, 71, 72, 73, 74]","ibm_quebec","ok","w_state_n_2_d8hjrnk2upec739l6fh0_68_69_70_71_72_73_74","2_w_state_2026-06-05T21_55_53Z_16384_no_correction.json","ibm_quebec_calibrations_2026-06-05T21_23_45Z.csv","0.0051525654515070796","0,9948474345484929","16384","2026-06-05T21:55:53.491248Z"
"w_state_1780694495.5300817_2_[50, 51, 58, 71, 72, 73, 79].json","d8hjrnhe8nrc73bhb0ig","2","[50, 51, 58, 71, 72, 73, 79]","ibm_quebec","ok","w_state_n_2_d8hjrnhe8nrc73bhb0ig_50_51_58_71_72_73_79","2_w_state_2026-06-05T21_56_23Z_16384_no_correction.json","ibm_quebec_calibrations_2026-06-05T21_23_45Z.csv","0.007294679914476188","0,9927053200855238","16384","2026-06-05T21:56:23.410904Z"
"w_state_1780694495.9501898_2_[50, 51, 58, 71, 72, 73, 74].json","d8hjrns2upec739l6fi0","2","[50, 51, 58, 71, 72, 73, 74]","ibm_quebec","ok","w_state_n_2_d8hjrns2upec739l6fi0_50_51_58_71_72_73_74","2_w_state_2026-06-05T21_56_43Z_16384_no_correction.json","ibm_quebec_calibrations_2026-06-05T21_23_45Z.csv","0.010276532137518724","0,9897234678624813","16384","2026-06-05T21:56:43.081673Z"
"w_state_1780694496.368278_2_[70, 69, 68, 67, 66, 65, 77].json","d8hjrntv8cos73f4ic8g","2","[70, 69, 68, 67, 66, 65, 77]","ibm_quebec","ok","w_state_n_2_d8hjrntv8cos73f4ic8g_70_69_68_67_66_65_77","2_w_state_2026-06-05T21_56_56Z_16384_no_correction.json","ibm_quebec_calibrations_2026-06-05T21_23_45Z.csv","0.00860031104199066","0,9913996889580093","16384","2026-06-05T21:56:56.431124Z"
"w_state_1780694496.7583501_3_[36, 21, 22, 23, 24, 25, 37].json","d8hjro1e8nrc73bhb0k0","3","[36, 21, 22, 23, 24, 25, 37]","ibm_quebec","ok","w_state_n_3_d8hjro1e8nrc73bhb0k0_36_21_22_23_24_25_37","3_w_state_2026-06-05T21_57_28Z_16384_no_correction.json","ibm_quebec_calibrations_2026-06-05T21_23_45Z.csv","0.01641440651897294","0,983585593481027","16384","2026-06-05T21:57:28.740493Z"
"w_state_1780694497.14773_3_[25, 24, 23, 22, 21, 36, 41].json","d8hjro42upec739l6fjg","3","[25, 24, 23, 22, 21, 36, 41]","ibm_quebec","ok","w_state_n_3_d8hjro42upec739l6fjg_25_24_23_22_21_36_41","3_w_state_2026-06-05T21_57_41Z_16384_no_correction.json","ibm_quebec_calibrations_2026-06-05T21_23_45Z.csv","0.012564375084665264","0,9874356249153348","16384","2026-06-05T21:57:41.794098Z"
"w_state_1780694497.550127_3_[20, 21, 22, 23, 24, 25, 37].json","d8hjro5v8cos73f4ic90","3","[20, 21, 22, 23, 24, 25, 37]","ibm_quebec","ok","w_state_n_3_d8hjro5v8cos73f4ic90_20_21_22_23_24_25_37","3_w_state_2026-06-05T21_58_14Z_16384_no_correction.json","ibm_quebec_calibrations_2026-06-05T21_23_45Z.csv","0.012659263625629996","0,98734073637437","16384","2026-06-05T21:58:14.003864Z"
"w_state_1780694497.9365542_3_[24, 23, 22, 21, 36, 41, 40].json","d8hjrodv8cos73f4ica0","3","[24, 23, 22, 21, 36, 41, 40]","ibm_quebec","ok","w_state_n_3_d8hjrodv8cos73f4ica0_24_23_22_21_36_41_40","3_w_state_2026-06-05T21_58_28Z_16384_no_correction.json","ibm_quebec_calibrations_2026-06-05T21_23_45Z.csv","0.013273649919001457","0,9867263500809985","16384","2026-06-05T21:58:28.714207Z"
"w_state_1780694498.356647_3_[68, 69, 70, 71, 72, 73, 79].json","d8hjro9e8nrc73bhb0lg","3","[68, 69, 70, 71, 72, 73, 79]","ibm_quebec","ok","w_state_n_3_d8hjro9e8nrc73bhb0lg_68_69_70_71_72_73_79","3_w_state_2026-06-05T21_58_31Z_16384_no_correction.json","ibm_quebec_calibrations_2026-06-05T21_23_45Z.csv","0.01910664797869549","0,9808933520213046","16384","2026-06-05T21:58:31.647114Z"
"w_state_1780694498.776348_3_[21, 22, 23, 24, 25, 37, 45].json","d8hjrolv8cos73f4icc0","3","[21, 22, 23, 24, 25, 37, 45]","ibm_quebec","ok","w_state_n_3_d8hjrolv8cos73f4icc0_21_22_23_24_25_37_45","3_w_state_2026-06-05T21_59_12Z_16384_no_correction.json","ibm_quebec_calibrations_2026-06-05T21_23_45Z.csv","0.03728092926540247","0,9627190707345975","16384","2026-06-05T21:59:12.019672Z"
"w_state_1780694499.1694586_3_[68, 69, 70, 71, 72, 73, 74].json","d8hjrom6983c73dr5k1g","3","[68, 69, 70, 71, 72, 73, 74]","ibm_quebec","ok","w_state_n_3_d8hjrom6983c73dr5k1g_68_69_70_71_72_73_74","3_w_state_2026-06-05T21_59_25Z_16384_no_correction.json","ibm_quebec_calibrations_2026-06-05T21_23_45Z.csv","0.01868328369042324","0,9813167163095767","16384","2026-06-05T21:59:25.391652Z"
"w_state_1780694499.5929475_3_[50, 51, 58, 71, 72, 73, 79].json","d8hjrolv8cos73f4icd0","3","[50, 51, 58, 71, 72, 73, 79]","ibm_quebec","ok","w_state_n_3_d8hjrolv8cos73f4icd0_50_51_58_71_72_73_79","3_w_state_2026-06-05T21_59_38Z_16384_no_correction.json","ibm_quebec_calibrations_2026-06-05T21_23_45Z.csv","0.03776688067176573","0,9622331193282343","16384","2026-06-05T21:59:38.839034Z"
"w_state_1780694500.0341058_3_[50, 51, 58, 71, 72, 73, 74].json","d8hjrou6983c73dr5k30","3","[50, 51, 58, 71, 72, 73, 74]","ibm_quebec","ok","w_state_n_3_d8hjrou6983c73dr5k30_50_51_58_71_72_73_74","3_w_state_2026-06-05T21_59_43Z_16384_no_correction.json","ibm_quebec_calibrations_2026-06-05T21_23_45Z.csv","0.0335883247646325","0,9664116752353675","16384","2026-06-05T21:59:43.158026Z"
"w_state_1780694500.4482045_3_[70, 69, 68, 67, 66, 65, 77].json","d8hjros2upec739l6fmg","3","[70, 69, 68, 67, 66, 65, 77]","ibm_quebec","ok","w_state_n_3_d8hjros2upec739l6fmg_70_69_68_67_66_65_77","3_w_state_2026-06-05T22_00_35Z_16384_no_correction.json","ibm_quebec_calibrations_2026-06-05T21_23_45Z.csv","0.017076332978085695","0,9829236670219144","16384","2026-06-05T22:00:35.011407Z"
"w_state_1780694500.8443077_4_[36, 21, 22, 23, 24, 25, 37].json","d8hjrp42upec739l6fng","4","[36, 21, 22, 23, 24, 25, 37]","ibm_quebec","ok","w_state_n_4_d8hjrp42upec739l6fng_36_21_22_23_24_25_37","4_w_state_2026-06-05T22_00_47Z_16384_no_correction.json","ibm_quebec_calibrations_2026-06-05T21_23_45Z.csv","0.07183222311805304","0,928167776881947","16384","2026-06-05T22:00:47.234057Z"
"w_state_1780694501.23641_4_[25, 24, 23, 22, 21, 36, 41].json","d8hjrp42upec739l6fog","4","[25, 24, 23, 22, 21, 36, 41]","ibm_quebec","ok","w_state_n_4_d8hjrp42upec739l6fog_25_24_23_22_21_36_41","4_w_state_2026-06-05T22_00_59Z_16384_no_correction.json","ibm_quebec_calibrations_2026-06-05T21_23_45Z.csv","0.052273060612448186","0,9477269393875518","16384","2026-06-05T22:00:59.795158Z"
"w_state_1780694501.6566823_4_[20, 21, 22, 23, 24, 25, 37].json","d8hjrp5v8cos73f4ice0","4","[20, 21, 22, 23, 24, 25, 37]","ibm_quebec","ok","w_state_n_4_d8hjrp5v8cos73f4ice0_20_21_22_23_24_25_37","4_w_state_2026-06-05T22_01_14Z_16384_no_correction.json","ibm_quebec_calibrations_2026-06-05T21_23_45Z.csv","0.10200710255294315","0,8979928974470568","16384","2026-06-05T22:01:14.107762Z"
"w_state_1780694502.091507_4_[24, 23, 22, 21, 36, 41, 40].json","d8hjrpc2upec739l6fp0","4","[24, 23, 22, 21, 36, 41, 40]","ibm_quebec","ok","w_state_n_4_d8hjrpc2upec739l6fp0_24_23_22_21_36_41_40","4_w_state_2026-06-05T22_02_22Z_16384_no_correction.json","ibm_quebec_calibrations_2026-06-05T21_23_45Z.csv","0.06925374953280111","0,9307462504671988","16384","2026-06-05T22:02:22.350499Z"
"w_state_1780694502.5013323_4_[68, 69, 70, 71, 72, 73, 79].json","d8hjrp9e8nrc73bhb0o0","4","[68, 69, 70, 71, 72, 73, 79]","ibm_quebec","ok","w_state_n_4_d8hjrp9e8nrc73bhb0o0_68_69_70_71_72_73_79","4_w_state_2026-06-05T22_02_41Z_16384_no_correction.json","ibm_quebec_calibrations_2026-06-05T21_23_45Z.csv","0.08547747702663322","0,9145225229733668","16384","2026-06-05T22:02:41.762727Z"
"w_state_1780694502.904746_4_[21, 22, 23, 24, 25, 37, 45].json","d8hjrphe8nrc73bhb0og","4","[21, 22, 23, 24, 25, 37, 45]","ibm_quebec","ok","w_state_n_4_d8hjrphe8nrc73bhb0og_21_22_23_24_25_37_45","4_w_state_2026-06-05T22_02_55Z_16384_no_correction.json","ibm_quebec_calibrations_2026-06-05T21_23_45Z.csv","0.08070809689589742","0,9192919031041026","16384","2026-06-05T22:02:55.023652Z"
"w_state_1780694503.3373606_4_[68, 69, 70, 71, 72, 73, 74].json","d8hjrpk2upec739l6fqg","4","[68, 69, 70, 71, 72, 73, 74]","ibm_quebec","ok","w_state_n_4_d8hjrpk2upec739l6fqg_68_69_70_71_72_73_74","4_w_state_2026-06-05T22_03_08Z_16384_no_correction.json","ibm_quebec_calibrations_2026-06-05T21_23_45Z.csv","0.08167545967656942","0,9183245403234306","16384","2026-06-05T22:03:08.487603Z"
"w_state_1780694503.737465_4_[50, 51, 58, 71, 72, 73, 79].json","d8hjrps2upec739l6fr0","4","[50, 51, 58, 71, 72, 73, 79]","ibm_quebec","ok","w_state_n_4_d8hjrps2upec739l6fr0_50_51_58_71_72_73_79","4_w_state_2026-06-05T22_03_15Z_16384_no_correction.json","ibm_quebec_calibrations_2026-06-05T21_23_45Z.csv","0.13208039670805066","0,8679196032919494","16384","2026-06-05T22:03:15.288844Z"
"w_state_1780694504.2350807_4_[50, 51, 58, 71, 72, 73, 74].json","d8hjrpu6983c73dr5k6g","4","[50, 51, 58, 71, 72, 73, 74]","ibm_quebec","ok","w_state_n_4_d8hjrpu6983c73dr5k6g_50_51_58_71_72_73_74","4_w_state_2026-06-05T22_04_29Z_16384_no_correction.json","ibm_quebec_calibrations_2026-06-05T21_23_45Z.csv","0.12778790576763077","0,8722120942323692","16384","2026-06-05T22:04:29.242610Z"
"w_state_1780694504.7177076_4_[70, 69, 68, 67, 66, 65, 77].json","d8hjrps2upec739l6fs0","4","[70, 69, 68, 67, 66, 65, 77]","ibm_quebec","ok","w_state_n_4_d8hjrps2upec739l6fs0_70_69_68_67_66_65_77","4_w_state_2026-06-05T22_04_41Z_16384_no_correction.json","ibm_quebec_calibrations_2026-06-05T21_23_45Z.csv","0.07542477890291832","0,9245752210970817","16384","2026-06-05T22:04:41.190409Z"
"w_state_1780694505.146371_5_[36, 21, 22, 23, 24, 25, 37].json","d8hjrq5v8cos73f4icg0","5","[36, 21, 22, 23, 24, 25, 37]","ibm_quebec","ok","w_state_n_5_d8hjrq5v8cos73f4icg0_36_21_22_23_24_25_37","5_w_state_2026-06-05T22_04_54Z_16384_no_correction.json","ibm_quebec_calibrations_2026-06-05T21_23_45Z.csv","0.11292578602463088","0,8870742139753691","16384","2026-06-05T22:04:54.471751Z"
"w_state_1780694505.5510888_5_[25, 24, 23, 22, 21, 36, 41].json","d8hjrq42upec739l6ft0","5","[25, 24, 23, 22, 21, 36, 41]","ibm_quebec","ok","w_state_n_5_d8hjrq42upec739l6ft0_25_24_23_22_21_36_41","5_w_state_2026-06-05T22_05_07Z_16384_no_correction.json","ibm_quebec_calibrations_2026-06-05T21_23_45Z.csv","0.1024565540561082","0,8975434459438918","16384","2026-06-05T22:05:07.991789Z"
"w_state_1780694505.9757693_5_[20, 21, 22, 23, 24, 25, 37].json","d8hjrqc2upec739l6ftg","5","[20, 21, 22, 23, 24, 25, 37]","ibm_quebec","ok","w_state_n_5_d8hjrqc2upec739l6ftg_20_21_22_23_24_25_37","5_w_state_2026-06-05T22_05_21Z_16384_no_correction.json","ibm_quebec_calibrations_2026-06-05T21_23_45Z.csv","0.13702197428214935","0,8629780257178506","16384","2026-06-05T22:05:21.376277Z"
"w_state_1780694506.3948765_5_[24, 23, 22, 21, 36, 41, 40].json","d8hjrq9e8nrc73bhb0qg","5","[24, 23, 22, 21, 36, 41, 40]","ibm_quebec","ok","w_state_n_5_d8hjrq9e8nrc73bhb0qg_24_23_22_21_36_41_40","5_w_state_2026-06-05T22_06_21Z_16384_no_correction.json","ibm_quebec_calibrations_2026-06-05T21_23_45Z.csv","0.08152928082055022","0,9184707191794498","16384","2026-06-05T22:06:21.529301Z"
"w_state_1780694506.925333_5_[68, 69, 70, 71, 72, 73, 79].json","d8hjrqlv8cos73f4icgg","5","[68, 69, 70, 71, 72, 73, 79]","ibm_quebec","ok","w_state_n_5_d8hjrqlv8cos73f4icgg_68_69_70_71_72_73_79","5_w_state_2026-06-05T22_06_34Z_16384_no_correction.json","ibm_quebec_calibrations_2026-06-05T21_23_45Z.csv","0.14791055404559894","0,8520894459544011","16384","2026-06-05T22:06:34.563491Z"
"w_state_1780694507.311457_5_[21, 22, 23, 24, 25, 37, 45].json","d8hjrqlv8cos73f4ichg","5","[21, 22, 23, 24, 25, 37, 45]","ibm_quebec","ok","w_state_n_5_d8hjrqlv8cos73f4ichg_21_22_23_24_25_37_45","5_w_state_2026-06-05T22_06_48Z_16384_no_correction.json","ibm_quebec_calibrations_2026-06-05T21_23_45Z.csv","0.08513496654613928","0,9148650334538607","16384","2026-06-05T22:06:48.829826Z"
"w_state_1780694507.7880778_5_[68, 69, 70, 71, 72, 73, 74].json","d8hjrqtv8cos73f4ici0","5","[68, 69, 70, 71, 72, 73, 74]","ibm_quebec","ok","w_state_n_5_d8hjrqtv8cos73f4ici0_68_69_70_71_72_73_74","5_w_state_2026-06-05T22_07_03Z_16384_no_correction.json","ibm_quebec_calibrations_2026-06-05T21_23_45Z.csv","0.13866375430559597","0,861336245694404","16384","2026-06-05T22:07:03.656782Z"
"w_state_1780694508.2063541_5_[50, 51, 58, 71, 72, 73, 79].json","d8hjrqu6983c73dr5k8g","5","[50, 51, 58, 71, 72, 73, 79]","ibm_quebec","ok","w_state_n_5_d8hjrqu6983c73dr5k8g_50_51_58_71_72_73_79","5_w_state_2026-06-05T22_07_15Z_16384_no_correction.json","ibm_quebec_calibrations_2026-06-05T21_23_45Z.csv","0.18531610846245106","0,8146838915375489","16384","2026-06-05T22:07:15.270403Z"
"w_state_1780694508.614487_5_[50, 51, 58, 71, 72, 73, 74].json","d8hjrqu6983c73dr5k9g","5","[50, 51, 58, 71, 72, 73, 74]","ibm_quebec","ok","w_state_n_5_d8hjrqu6983c73dr5k9g_50_51_58_71_72_73_74","5_w_state_2026-06-05T22_08_14Z_16384_no_correction.json","ibm_quebec_calibrations_2026-06-05T22_03_20Z.csv","0.18067903415747366","0,8193209658425263","16384","2026-06-05T22:08:14.237405Z"
"w_state_1780694509.0361426_5_[70, 69, 68, 67, 66, 65, 77].json","d8hjrr5v8cos73f4icjg","5","[70, 69, 68, 67, 66, 65, 77]","ibm_quebec","ok","w_state_n_5_d8hjrr5v8cos73f4icjg_70_69_68_67_66_65_77","5_w_state_2026-06-05T22_08_27Z_16384_no_correction.json","ibm_quebec_calibrations_2026-06-05T22_03_20Z.csv","0.10981719981922855","0,8901828001807714","16384","2026-06-05T22:08:27.342980Z"
"w_state_1780694513.9549527_7_[36, 21, 22, 23, 24, 25, 37].json","d8hjrsdv8cos73f4icmg","7","[36, 21, 22, 23, 24, 25, 37]","ibm_quebec","ok","w_state_n_7_d8hjrsdv8cos73f4icmg_36_21_22_23_24_25_37","7_w_state_2026-06-05T22_12_32Z_16384_no_correction.json","ibm_quebec_calibrations_2026-06-05T22_08_49Z.csv","0.4241000584216861","0,5758999415783139","16384","2026-06-05T22:12:32.833866Z"
"w_state_1780694514.4935904_7_[25, 24, 23, 22, 21, 36, 41].json","d8hjrse6983c73dr5kd0","7","[25, 24, 23, 22, 21, 36, 41]","ibm_quebec","ok","w_state_n_7_d8hjrse6983c73dr5kd0_25_24_23_22_21_36_41","7_w_state_2026-06-05T22_12_46Z_16384_no_correction.json","ibm_quebec_calibrations_2026-06-05T22_08_49Z.csv","0.3499852959467964","0,6500147040532036","16384","2026-06-05T22:12:46.869203Z"
"w_state_1780694514.9252257_7_[20, 21, 22, 23, 24, 25, 37].json","d8hjrslv8cos73f4icn0","7","[20, 21, 22, 23, 24, 25, 37]","ibm_quebec","ok","w_state_n_7_d8hjrslv8cos73f4icn0_20_21_22_23_24_25_37","7_w_state_2026-06-05T22_13_08Z_16384_no_correction.json","ibm_quebec_calibrations_2026-06-05T22_08_49Z.csv","0.40908033715503045","0,5909196628449696","16384","2026-06-05T22:13:08.965490Z"
"w_state_1780694515.355341_7_[24, 23, 22, 21, 36, 41, 40].json","d8hjrsm6983c73dr5kdg","7","[24, 23, 22, 21, 36, 41, 40]","ibm_quebec","ok","w_state_n_7_d8hjrsm6983c73dr5kdg_24_23_22_21_36_41_40","7_w_state_2026-06-05T22_13_50Z_16384_no_correction.json","ibm_quebec_calibrations_2026-06-05T22_08_49Z.csv","0.3205033852125796","0,6794966147874204","16384","2026-06-05T22:13:50.839354Z"
"w_state_1780694515.786465_7_[68, 69, 70, 71, 72, 73, 79].json","d8hjrss2upec739l6g6g","7","[68, 69, 70, 71, 72, 73, 79]","ibm_quebec","ok","w_state_n_7_d8hjrss2upec739l6g6g_68_69_70_71_72_73_79","7_w_state_2026-06-05T22_14_11Z_16384_no_correction.json","ibm_quebec_calibrations_2026-06-05T22_08_49Z.csv","0.2525120563203076","0,7474879436796924","16384","2026-06-05T22:14:11.727333Z"
"w_state_1780694516.2427723_7_[21, 22, 23, 24, 25, 37, 45].json","d8hjrsu6983c73dr5ke0","7","[21, 22, 23, 24, 25, 37, 45]","ibm_quebec","ok","w_state_n_7_d8hjrsu6983c73dr5ke0_21_22_23_24_25_37_45","7_w_state_2026-06-05T22_14_25Z_16384_no_correction.json","ibm_quebec_calibrations_2026-06-05T22_08_49Z.csv","0.41364532726364134","0,5863546727363587","16384","2026-06-05T22:14:25.632592Z"
"w_state_1780694516.6782844_7_[68, 69, 70, 71, 72, 73, 74].json","d8hjrstv8cos73f4ico0","7","[68, 69, 70, 71, 72, 73, 74]","ibm_quebec","ok","w_state_n_7_d8hjrstv8cos73f4ico0_68_69_70_71_72_73_74","7_w_state_2026-06-05T22_14_38Z_16384_no_correction.json","ibm_quebec_calibrations_2026-06-05T22_08_49Z.csv","0.32206782944908063","0,6779321705509194","16384","2026-06-05T22:14:38.611717Z"
"w_state_1780694517.1910799_7_[50, 51, 58, 71, 72, 73, 79].json","d8hjrt5v8cos73f4icp0","7","[50, 51, 58, 71, 72, 73, 79]","ibm_quebec","ok","w_state_n_7_d8hjrt5v8cos73f4icp0_50_51_58_71_72_73_79","7_w_state_2026-06-05T22_15_01Z_16384_no_correction.json","ibm_quebec_calibrations_2026-06-05T22_08_49Z.csv","0.366940067584691","0,633059932415309","16384","2026-06-05T22:15:01.932095Z"
"w_state_1780694517.5940073_7_[50, 51, 58, 71, 72, 73, 74].json","d8hjrt5v8cos73f4icpg","7","[50, 51, 58, 71, 72, 73, 74]","ibm_quebec","ok","w_state_n_7_d8hjrt5v8cos73f4icpg_50_51_58_71_72_73_74","7_w_state_2026-06-05T22_15_43Z_16384_no_correction.json","ibm_quebec_calibrations_2026-06-05T22_08_49Z.csv","0.4193703161127389","0,5806296838872611","16384","2026-06-05T22:15:43.124051Z"
"w_state_1780694518.093627_7_[70, 69, 68, 67, 66, 65, 77].json","d8hjrtdv8cos73f4icq0","7","[70, 69, 68, 67, 66, 65, 77]","ibm_quebec","ok","w_state_n_7_d8hjrtdv8cos73f4icq0_70_69_68_67_66_65_77","7_w_state_2026-06-05T22_16_05Z_16384_no_correction.json","ibm_quebec_calibrations_2026-06-05T22_08_49Z.csv","0.27919638955937187","0,7208036104406281","16384","2026-06-05T22:16:05.730228Z"
"w_state_1780696472.2573626_8_[34, 33, 39, 53, 52, 51, 58, 71, 70, 69, 68, 67, 66, 65, 77, 85].json","d8hkb5pe8nrc73bhbjlg","8","[34, 33, 39, 53, 52, 51, 58, 71, 70, 69, 68, 67, 66, 65, 77, 85]","ibm_quebec","ok","w_state_n_8_d8hkb5pe8nrc73bhbjlg_34_33_39_53_52_51_58_71_70_69_68_67","8_w_state_2026-06-05T22_16_17Z_16384_no_correction.json","ibm_quebec_calibrations_2026-06-05T22_08_49Z.csv","0.4198660332780726","0,5801339667219274","16384","2026-06-05T22:16:17.910357Z"
"w_state_1780696514.3322256_8_[34, 33, 39, 53, 52, 51, 58, 71, 70, 69, 68, 67, 66, 65, 77, 85].json","d8hkbge6983c73dr66qg","8","[34, 33, 39, 53, 52, 51, 58, 71, 70, 69, 68, 67, 66, 65, 77, 85]","ibm_quebec","ok","w_state_n_8_d8hkbge6983c73dr66qg_34_33_39_53_52_51_58_71_70_69_68_67","8_w_state_2026-06-05T22_16_31Z_16384_no_correction.json","ibm_quebec_calibrations_2026-06-05T22_08_49Z.csv","0.3886415619018502","0,6113584380981498","16384","2026-06-05T22:16:31.978132Z"
"w_state_1780697092.3430898_8_[34, 33, 39, 53, 52, 51, 58, 71, 70, 69, 68, 67, 66, 65, 77, 85].json","d8hkg0pe8nrc73bhbpkg","8","[34, 33, 39, 53, 52, 51, 58, 71, 70, 69, 68, 67, 66, 65, 77, 85]","ibm_quebec","ok","w_state_n_8_d8hkg0pe8nrc73bhbpkg_34_33_39_53_52_51_58_71_70_69_68_67","8_w_state_2026-06-05T22_16_54Z_16384_no_correction.json","ibm_quebec_calibrations_2026-06-05T22_08_49Z.csv","0.37271556752785884","0,6272844324721412","16384","2026-06-05T22:16:54.866417Z"
"w_state_1780697092.9244514_8_[121, 116, 101, 102, 103, 104, 105, 117, 125, 126, 127, 137, 147, 148, 149, 150].json","d8hkg11e8nrc73bhbpl0","8","[121, 116, 101, 102, 103, 104, 105, 117, 125, 126, 127, 137, 147, 148, 149, 150]","ibm_quebec","ok","w_state_n_8_d8hkg11e8nrc73bhbpl0_121_116_101_102_103_104_105_117_125","8_w_state_2026-06-05T22_17_58Z_16384_no_correction.json","ibm_quebec_calibrations_2026-06-05T22_08_49Z.csv","0.3276010632949382","0,6723989367050618","16384","2026-06-05T22:17:58.054197Z"
"w_state_1780697093.5154264_8_[101, 102, 103, 104, 105, 117, 125, 126, 127, 137, 147, 148, 149, 150, 151, 138].json","d8hkg11e8nrc73bhbpm0","8","[101, 102, 103, 104, 105, 117, 125, 126, 127, 137, 147, 148, 149, 150, 151, 138]","ibm_quebec","ok","w_state_n_8_d8hkg11e8nrc73bhbpm0_101_102_103_104_105_117_125_126_127","8_w_state_2026-06-05T22_18_11Z_16384_no_correction.json","ibm_quebec_calibrations_2026-06-05T22_08_49Z.csv","0.3808418337899162","0,6191581662100838","16384","2026-06-05T22:18:11.047080Z"
"w_state_1780697093.905498_8_[48, 49, 38, 29, 30, 31, 32, 33, 39, 53, 52, 51, 58, 71, 72, 73].json","d8hkg1c2upec739l78q0","8","[48, 49, 38, 29, 30, 31, 32, 33, 39, 53, 52, 51, 58, 71, 72, 73]","ibm_quebec","ok","w_state_n_8_d8hkg1c2upec739l78q0_48_49_38_29_30_31_32_33_39_53_52_51","8_w_state_2026-06-05T22_18_25Z_16384_no_correction.json","ibm_quebec_calibrations_2026-06-05T22_08_49Z.csv","0.3968635679011623","0,6031364320988377","16384","2026-06-05T22:18:25.644891Z"
"w_state_1780697094.484202_8_[33, 39, 53, 52, 51, 58, 71, 70, 69, 68, 67, 66, 65, 77, 85, 84].json","d8hkg1c2upec739l78qg","8","[33, 39, 53, 52, 51, 58, 71, 70, 69, 68, 67, 66, 65, 77, 85, 84]","ibm_quebec","ok","w_state_n_8_d8hkg1c2upec739l78qg_33_39_53_52_51_58_71_70_69_68_67_66","8_w_state_2026-06-05T22_18_39Z_16384_no_correction.json","ibm_quebec_calibrations_2026-06-05T22_08_49Z.csv","0.3420469009629188","0,6579530990370812","16384","2026-06-05T22:18:39.217724Z"
"w_state_1780697094.9026766_8_[48, 49, 50, 51, 58, 71, 70, 69, 68, 67, 66, 65, 77, 85, 84, 83].json","d8hkg1lv8cos73f4j5v0","8","[48, 49, 50, 51, 58, 71, 70, 69, 68, 67, 66, 65, 77, 85, 84, 83]","ibm_quebec","ok","w_state_n_8_d8hkg1lv8cos73f4j5v0_48_49_50_51_58_71_70_69_68_67_66_65","8_w_state_2026-06-05T22_19_29Z_16384_no_correction.json","ibm_quebec_calibrations_2026-06-05T22_08_49Z.csv","0.6279863444494898","0,37201365555051025","16384","2026-06-05T22:19:29.390667Z"
"w_state_1780697095.3420184_8_[32, 33, 39, 53, 52, 51, 58, 71, 70, 69, 68, 67, 66, 65, 77, 85].json","d8hkg1lv8cos73f4j600","8","[32, 33, 39, 53, 52, 51, 58, 71, 70, 69, 68, 67, 66, 65, 77, 85]","ibm_quebec","ok","w_state_n_8_d8hkg1lv8cos73f4j600_32_33_39_53_52_51_58_71_70_69_68_67","8_w_state_2026-06-05T22_20_14Z_16384_no_correction.json","ibm_quebec_calibrations_2026-06-05T22_08_49Z.csv","0.36291305150540154","0,6370869484945985","16384","2026-06-05T22:20:14.997568Z"
"w_state_1780697095.7517207_8_[103, 104, 105, 117, 125, 126, 127, 137, 147, 148, 149, 150, 151, 138, 131, 132].json","d8hkg1u6983c73dr6c9g","8","[103, 104, 105, 117, 125, 126, 127, 137, 147, 148, 149, 150, 151, 138, 131, 132]","ibm_quebec","ok","w_state_n_8_d8hkg1u6983c73dr6c9g_103_104_105_117_125_126_127_137_147","8_w_state_2026-06-05T22_20_15Z_16384_no_correction.json","ibm_quebec_calibrations_2026-06-05T22_08_49Z.csv","0.6083574024510048","0,3916425975489952","16384","2026-06-05T22:20:15.496514Z"
"w_state_1780697096.1778548_8_[48, 49, 38, 29, 30, 31, 32, 33, 39, 53, 52, 51, 58, 71, 70, 69].json","d8hkg1tv8cos73f4j610","8","[48, 49, 38, 29, 30, 31, 32, 33, 39, 53, 52, 51, 58, 71, 70, 69]","ibm_quebec","ok","w_state_n_8_d8hkg1tv8cos73f4j610_48_49_38_29_30_31_32_33_39_53_52_51","8_w_state_2026-06-05T22_20_51Z_16384_no_correction.json","ibm_quebec_calibrations_2026-06-05T22_08_49Z.csv","0.38936633084818206","0,6106336691518179","16384","2026-06-05T22:20:51.399805Z"
"w_state_1780697096.5814989_8_[105, 117, 125, 126, 127, 137, 147, 148, 149, 150, 151, 138, 131, 130, 129, 128].json","d8hkg1tv8cos73f4j61g","8","[105, 117, 125, 126, 127, 137, 147, 148, 149, 150, 151, 138, 131, 130, 129, 128]","ibm_quebec","ok","w_state_n_8_d8hkg1tv8cos73f4j61g_105_117_125_126_127_137_147_148_149","8_w_state_2026-06-05T22_20_51Z_16384_no_correction.json","ibm_quebec_calibrations_2026-06-05T22_08_49Z.csv","0.5200744801292156","0,47992551987078436","16384","2026-06-05T22:20:51.876080Z"
"w_state_1780697096.9892342_9_[34, 33, 39, 53, 52, 51, 58, 71, 70, 69, 68, 67, 66, 65, 77, 85].json","d8hkg21e8nrc73bhbpn0","9","[34, 33, 39, 53, 52, 51, 58, 71, 70, 69, 68, 67, 66, 65, 77, 85]","ibm_quebec","ok","w_state_n_9_d8hkg21e8nrc73bhbpn0_34_33_39_53_52_51_58_71_70_69_68_67","9_w_state_2026-06-05T22_21_22Z_16384_no_correction.json","ibm_quebec_calibrations_2026-06-05T22_08_49Z.csv","0.4847618354856915","0,5152381645143085","16384","2026-06-05T22:21:22.992764Z"
"w_state_1780697097.393088_9_[121, 116, 101, 102, 103, 104, 105, 117, 125, 126, 127, 137, 147, 148, 149, 150].json","d8hkg242upec739l78tg","9","[121, 116, 101, 102, 103, 104, 105, 117, 125, 126, 127, 137, 147, 148, 149, 150]","ibm_quebec","ok","w_state_n_9_d8hkg242upec739l78tg_121_116_101_102_103_104_105_117_125","9_w_state_2026-06-05T22_21_54Z_16384_no_correction.json","ibm_quebec_calibrations_2026-06-05T22_08_49Z.csv","0.4572583331088329","0,5427416668911671","16384","2026-06-05T22:21:54.706376Z"
"w_state_1780697097.8848667_9_[101, 102, 103, 104, 105, 117, 125, 126, 127, 137, 147, 148, 149, 150, 151, 138].json","d8hkg2dv8cos73f4j620","9","[101, 102, 103, 104, 105, 117, 125, 126, 127, 137, 147, 148, 149, 150, 151, 138]","ibm_quebec","ok","w_state_n_9_d8hkg2dv8cos73f4j620_101_102_103_104_105_117_125_126_127","9_w_state_2026-06-05T22_22_09Z_16384_no_correction.json","ibm_quebec_calibrations_2026-06-05T22_08_49Z.csv","0.7282361772987258","0,2717638227012742","16384","2026-06-05T22:22:09.337726Z"
"w_state_1780697098.7927957_9_[48, 49, 38, 29, 30, 31, 32, 33, 39, 53, 52, 51, 58, 71, 72, 73].json","d8hkg2k2upec739l78ug","9","[48, 49, 38, 29, 30, 31, 32, 33, 39, 53, 52, 51, 58, 71, 72, 73]","ibm_quebec","ok","w_state_n_9_d8hkg2k2upec739l78ug_48_49_38_29_30_31_32_33_39_53_52_51","9_w_state_2026-06-05T22_22_31Z_16384_no_correction.json","ibm_quebec_calibrations_2026-06-05T22_08_49Z.csv","0.5580701959150685","0,44192980408493154","16384","2026-06-05T22:22:31.679936Z"
"w_state_1780697099.1749318_9_[33, 39, 53, 52, 51, 58, 71, 70, 69, 68, 67, 66, 65, 77, 85, 84].json","d8hkg2k2upec739l78v0","9","[33, 39, 53, 52, 51, 58, 71, 70, 69, 68, 67, 66, 65, 77, 85, 84]","ibm_quebec","ok","w_state_n_9_d8hkg2k2upec739l78v0_33_39_53_52_51_58_71_70_69_68_67_66","9_w_state_2026-06-05T22_22_44Z_16384_no_correction.json","ibm_quebec_calibrations_2026-06-05T22_08_49Z.csv","0.5259699819274224","0,4740300180725776","16384","2026-06-05T22:22:44.743021Z"
"w_state_1780697099.5550313_9_[48, 49, 50, 51, 58, 71, 70, 69, 68, 67, 66, 65, 77, 85, 84, 83].json","d8hkg2he8nrc73bhbpog","9","[48, 49, 50, 51, 58, 71, 70, 69, 68, 67, 66, 65, 77, 85, 84, 83]","ibm_quebec","ok","w_state_n_9_d8hkg2he8nrc73bhbpog_48_49_50_51_58_71_70_69_68_67_66_65","9_w_state_2026-06-05T22_23_16Z_16384_no_correction.json","ibm_quebec_calibrations_2026-06-05T22_08_49Z.csv","0.81564198178802","0,18435801821197995","16384","2026-06-05T22:23:16.251972Z"
"w_state_1780697099.9955883_9_[32, 33, 39, 53, 52, 51, 58, 71, 70, 69, 68, 67, 66, 65, 77, 85].json","d8hkg2tv8cos73f4j63g","9","[32, 33, 39, 53, 52, 51, 58, 71, 70, 69, 68, 67, 66, 65, 77, 85]","ibm_quebec","ok","w_state_n_9_d8hkg2tv8cos73f4j63g_32_33_39_53_52_51_58_71_70_69_68_67","9_w_state_2026-06-05T22_23_49Z_16384_no_correction.json","ibm_quebec_calibrations_2026-06-05T22_08_49Z.csv","0.42217416325852186","0,5778258367414781","16384","2026-06-05T22:23:49.371759Z"
"w_state_1780697100.4085236_9_[103, 104, 105, 117, 125, 126, 127, 137, 147, 148, 149, 150, 151, 138, 131, 132].json","d8hkg2u6983c73dr6cbg","9","[103, 104, 105, 117, 125, 126, 127, 137, 147, 148, 149, 150, 151, 138, 131, 132]","ibm_quebec","ok","w_state_n_9_d8hkg2u6983c73dr6cbg_103_104_105_117_125_126_127_137_147","9_w_state_2026-06-05T22_24_02Z_16384_no_correction.json","ibm_quebec_calibrations_2026-06-05T22_08_49Z.csv","0.7119128759277897","0,28808712407221027","16384","2026-06-05T22:24:02.386895Z"
"w_state_1780697100.799514_9_[48, 49, 38, 29, 30, 31, 32, 33, 39, 53, 52, 51, 58, 71, 70, 69].json","d8hkg366983c73dr6cc0","9","[48, 49, 38, 29, 30, 31, 32, 33, 39, 53, 52, 51, 58, 71, 70, 69]","ibm_quebec","ok","w_state_n_9_d8hkg366983c73dr6cc0_48_49_38_29_30_31_32_33_39_53_52_51","9_w_state_2026-06-05T22_24_25Z_16384_no_correction.json","ibm_quebec_calibrations_2026-06-05T22_08_49Z.csv","0.46855844556780424","0,5314415544321958","16384","2026-06-05T22:24:25.632509Z"
"w_state_1780697101.25638_9_[105, 117, 125, 126, 127, 137, 147, 148, 149, 150, 151, 138, 131, 130, 129, 128].json","d8hkg342upec739l790g","9","[105, 117, 125, 126, 127, 137, 147, 148, 149, 150, 151, 138, 131, 130, 129, 128]","ibm_quebec","ok","w_state_n_9_d8hkg342upec739l790g_105_117_125_126_127_137_147_148_149","9_w_state_2026-06-05T22_24_37Z_16384_no_correction.json","ibm_quebec_calibrations_2026-06-05T22_08_49Z.csv","0.7334748759372958","0,26652512406270423","16384","2026-06-05T22:24:37.997816Z"
"w_state_1780697101.678273_10_[34, 33, 39, 53, 52, 51, 58, 71, 70, 69, 68, 67, 66, 65, 77, 85].json","d8hkg31e8nrc73bhbpp0","10","[34, 33, 39, 53, 52, 51, 58, 71, 70, 69, 68, 67, 66, 65, 77, 85]","ibm_quebec","ok","w_state_n_10_d8hkg31e8nrc73bhbpp0_34_33_39_53_52_51_58_71_70_69_68_67","10_w_state_2026-06-05T22_25_10Z_16384_no_correction.json","ibm_quebec_calibrations_2026-06-05T22_08_49Z.csv","0.6375382391333972","0,36246176086660276","16384","2026-06-05T22:25:10.131255Z"
"w_state_1780697102.2529962_10_[121, 116, 101, 102, 103, 104, 105, 117, 125, 126, 127, 137, 147, 148, 149, 150].json","d8hkg3dv8cos73f4j64g","10","[121, 116, 101, 102, 103, 104, 105, 117, 125, 126, 127, 137, 147, 148, 149, 150]","ibm_quebec","ok","w_state_n_10_d8hkg3dv8cos73f4j64g_121_116_101_102_103_104_105_117_125","10_w_state_2026-06-05T22_25_54Z_16384_no_correction.json","ibm_quebec_calibrations_2026-06-05T22_08_49Z.csv","0.5274904221563901","0,4725095778436099","16384","2026-06-05T22:25:54.836528Z"
"w_state_1780697102.6683254_10_[101, 102, 103, 104, 105, 117, 125, 126, 127, 137, 147, 148, 149, 150, 151, 138].json","d8hkg3e6983c73dr6cd0","10","[101, 102, 103, 104, 105, 117, 125, 126, 127, 137, 147, 148, 149, 150, 151, 138]","ibm_quebec","ok","w_state_n_10_d8hkg3e6983c73dr6cd0_101_102_103_104_105_117_125_126_127","10_w_state_2026-06-05T22_26_18Z_16384_no_correction.json","ibm_quebec_calibrations_2026-06-05T22_08_49Z.csv","0.8683428716379309","0,1316571283620691","16384","2026-06-05T22:26:18.433149Z"
"w_state_1780697103.1157248_10_[48, 49, 38, 29, 30, 31, 32, 33, 39, 53, 52, 51, 58, 71, 72, 73].json","d8hkg3m6983c73dr6cdg","10","[48, 49, 38, 29, 30, 31, 32, 33, 39, 53, 52, 51, 58, 71, 72, 73]","ibm_quebec","ok","w_state_n_10_d8hkg3m6983c73dr6cdg_48_49_38_29_30_31_32_33_39_53_52_51","10_w_state_2026-06-05T22_26_31Z_16384_no_correction.json","ibm_quebec_calibrations_2026-06-05T22_08_49Z.csv","0.6351541825038729","0,3648458174961271","16384","2026-06-05T22:26:31.079433Z"
"w_state_1780697103.5317907_10_[33, 39, 53, 52, 51, 58, 71, 70, 69, 68, 67, 66, 65, 77, 85, 84].json","d8hkg3k2upec739l791g","10","[33, 39, 53, 52, 51, 58, 71, 70, 69, 68, 67, 66, 65, 77, 85, 84]","ibm_quebec","ok","w_state_n_10_d8hkg3k2upec739l791g_33_39_53_52_51_58_71_70_69_68_67_66","10_w_state_2026-06-05T22_26_34Z_16384_no_correction.json","ibm_quebec_calibrations_2026-06-05T22_08_49Z.csv","0.578994334565722","0,421005665434278","16384","2026-06-05T22:26:34.308046Z"
"w_state_1780697103.9773347_10_[48, 49, 50, 51, 58, 71, 70, 69, 68, 67, 66, 65, 77, 85, 84, 83].json","d8hkg3pe8nrc73bhbpq0","10","[48, 49, 50, 51, 58, 71, 70, 69, 68, 67, 66, 65, 77, 85, 84, 83]","ibm_quebec","ok","w_state_n_10_d8hkg3pe8nrc73bhbpq0_48_49_50_51_58_71_70_69_68_67_66_65","10_w_state_2026-06-05T22_26_57Z_16384_no_correction.json","ibm_quebec_calibrations_2026-06-05T22_08_49Z.csv","1.0679496858843383","-0,06794968588433825","16384","2026-06-05T22:26:57.217819Z"
"w_state_1780697104.3404903_10_[32, 33, 39, 53, 52, 51, 58, 71, 70, 69, 68, 67, 66, 65, 77, 85].json","d8hkg3u6983c73dr6ceg","10","[32, 33, 39, 53, 52, 51, 58, 71, 70, 69, 68, 67, 66, 65, 77, 85]","ibm_quebec","ok","w_state_n_10_d8hkg3u6983c73dr6ceg_32_33_39_53_52_51_58_71_70_69_68_67","10_w_state_2026-06-05T22_27_38Z_16384_no_correction.json","ibm_quebec_calibrations_2026-06-05T22_08_49Z.csv","0.6558314422920488","0,3441685577079512","16384","2026-06-05T22:27:38.259086Z"
"w_state_1780697104.773975_10_[103, 104, 105, 117, 125, 126, 127, 137, 147, 148, 149, 150, 151, 138, 131, 132].json","d8hkg41e8nrc73bhbpr0","10","[103, 104, 105, 117, 125, 126, 127, 137, 147, 148, 149, 150, 151, 138, 131, 132]","ibm_quebec","ok","w_state_n_10_d8hkg41e8nrc73bhbpr0_103_104_105_117_125_126_127_137_147","10_w_state_2026-06-05T22_28_02Z_16384_no_correction.json","ibm_quebec_calibrations_2026-06-05T22_08_49Z.csv","0.8126179784172263","0,18738202158277373","16384","2026-06-05T22:28:02.653740Z"
"w_state_1780697105.2163095_10_[48, 49, 38, 29, 30, 31, 32, 33, 39, 53, 52, 51, 58, 71, 70, 69].json","d8hkg45v8cos73f4j65g","10","[48, 49, 38, 29, 30, 31, 32, 33, 39, 53, 52, 51, 58, 71, 70, 69]","ibm_quebec","ok","w_state_n_10_d8hkg45v8cos73f4j65g_48_49_38_29_30_31_32_33_39_53_52_51","10_w_state_2026-06-05T22_28_15Z_16384_no_correction.json","ibm_quebec_calibrations_2026-06-05T22_08_49Z.csv","0.6006780232800368","0,39932197671996317","16384","2026-06-05T22:28:15.770270Z"
"w_state_1780697105.6428063_10_[105, 117, 125, 126, 127, 137, 147, 148, 149, 150, 151, 138, 131, 130, 129, 128].json","d8hkg45v8cos73f4j660","10","[105, 117, 125, 126, 127, 137, 147, 148, 149, 150, 151, 138, 131, 130, 129, 128]","ibm_quebec","ok","w_state_n_10_d8hkg45v8cos73f4j660_105_117_125_126_127_137_147_148_149","10_w_state_2026-06-05T22_28_28Z_16384_no_correction.json","ibm_quebec_calibrations_2026-06-05T22_08_49Z.csv","0.8128102517884455","0,18718974821155454","16384","2026-06-05T22:28:28.296808Z"
"w_state_1780697106.2169168_11_[34, 33, 39, 53, 52, 51, 58, 71, 70, 69, 68, 67, 66, 65, 77, 85].json","d8hkg4c2upec739l7920","11","[34, 33, 39, 53, 52, 51, 58, 71, 70, 69, 68, 67, 66, 65, 77, 85]","ibm_quebec","ok","w_state_n_11_d8hkg4c2upec739l7920_34_33_39_53_52_51_58_71_70_69_68_67","11_w_state_2026-06-05T22_28_51Z_16384_no_correction.json","ibm_quebec_calibrations_2026-06-05T22_08_49Z.csv","0.730887944004663","0,26911205599533705","16384","2026-06-05T22:28:51.523086Z"
"w_state_1780697106.62255_11_[121, 116, 101, 102, 103, 104, 105, 117, 125, 126, 127, 137, 147, 148, 149, 150].json","d8hkg49e8nrc73bhbps0","11","[121, 116, 101, 102, 103, 104, 105, 117, 125, 126, 127, 137, 147, 148, 149, 150]","ibm_quebec","ok","w_state_n_11_d8hkg49e8nrc73bhbps0_121_116_101_102_103_104_105_117_125","11_w_state_2026-06-05T22_29_47Z_16384_no_correction.json","ibm_quebec_calibrations_2026-06-05T22_08_49Z.csv","1.131763640777061","-0,13176364077706104","16384","2026-06-05T22:29:47.149575Z"
"w_state_1780697107.0650287_11_[101, 102, 103, 104, 105, 117, 125, 126, 127, 137, 147, 148, 149, 150, 151, 138].json","d8hkg4m6983c73dr6cfg","11","[101, 102, 103, 104, 105, 117, 125, 126, 127, 137, 147, 148, 149, 150, 151, 138]","ibm_quebec","ok","w_state_n_11_d8hkg4m6983c73dr6cfg_101_102_103_104_105_117_125_126_127","11_w_state_2026-06-05T22_30_08Z_16384_no_correction.json","ibm_quebec_calibrations_2026-06-05T22_08_49Z.csv","0.9482341457317296","0,051765854268270406","16384","2026-06-05T22:30:08.385162Z"
"w_state_1780697107.513192_11_[48, 49, 38, 29, 30, 31, 32, 33, 39, 53, 52, 51, 58, 71, 72, 73].json","d8hkg4k2upec739l7930","11","[48, 49, 38, 29, 30, 31, 32, 33, 39, 53, 52, 51, 58, 71, 72, 73]","ibm_quebec","ok","w_state_n_11_d8hkg4k2upec739l7930_48_49_38_29_30_31_32_33_39_53_52_51","11_w_state_2026-06-05T22_30_08Z_16384_no_correction.json","ibm_quebec_calibrations_2026-06-05T22_08_49Z.csv","0.8393353455634189","0,16066465443658107","16384","2026-06-05T22:30:08.981328Z"
"w_state_1780697107.9995596_11_[33, 39, 53, 52, 51, 58, 71, 70, 69, 68, 67, 66, 65, 77, 85, 84].json","d8hkg4u6983c73dr6cg0","11","[33, 39, 53, 52, 51, 58, 71, 70, 69, 68, 67, 66, 65, 77, 85, 84]","ibm_quebec","ok","w_state_n_11_d8hkg4u6983c73dr6cg0_33_39_53_52_51_58_71_70_69_68_67_66","11_w_state_2026-06-05T22_30_22Z_16384_no_correction.json","ibm_quebec_calibrations_2026-06-05T22_08_49Z.csv","0.7759378402540573","0,22406215974594268","16384","2026-06-05T22:30:22.570312Z"
"w_state_1780697108.4496222_11_[48, 49, 50, 51, 58, 71, 70, 69, 68, 67, 66, 65, 77, 85, 84, 83].json","d8hkg4u6983c73dr6cgg","11","[48, 49, 50, 51, 58, 71, 70, 69, 68, 67, 66, 65, 77, 85, 84, 83]","ibm_quebec","ok","w_state_n_11_d8hkg4u6983c73dr6cgg_48_49_50_51_58_71_70_69_68_67_66_65","11_w_state_2026-06-05T22_30_35Z_16384_no_correction.json","ibm_quebec_calibrations_2026-06-05T22_08_49Z.csv","1.209426847635644","-0,209426847635644","16384","2026-06-05T22:30:35.422678Z"
"w_state_1780697108.862351_11_[32, 33, 39, 53, 52, 51, 58, 71, 70, 69, 68, 67, 66, 65, 77, 85].json","d8hkg542upec739l793g","11","[32, 33, 39, 53, 52, 51, 58, 71, 70, 69, 68, 67, 66, 65, 77, 85]","ibm_quebec","ok","w_state_n_11_d8hkg542upec739l793g_32_33_39_53_52_51_58_71_70_69_68_67","11_w_state_2026-06-05T22_31_35Z_16384_no_correction.json","ibm_quebec_calibrations_2026-06-05T22_08_49Z.csv","0.7439459247011948","0,2560540752988052","16384","2026-06-05T22:31:35.020833Z"
"w_state_1780697109.3105729_11_[103, 104, 105, 117, 125, 126, 127, 137, 147, 148, 149, 150, 151, 138, 131, 132].json","d8hkg55v8cos73f4j67g","11","[103, 104, 105, 117, 125, 126, 127, 137, 147, 148, 149, 150, 151, 138, 131, 132]","ibm_quebec","ok","w_state_n_11_d8hkg55v8cos73f4j67g_103_104_105_117_125_126_127_137_147","11_w_state_2026-06-05T22_31_49Z_16384_no_correction.json","ibm_quebec_calibrations_2026-06-05T22_08_49Z.csv","0.929013190627364","0,07098680937263602","16384","2026-06-05T22:31:49.622663Z"
"w_state_1780697109.9154367_11_[48, 49, 38, 29, 30, 31, 32, 33, 39, 53, 52, 51, 58, 71, 70, 69].json","d8hkg5dv8cos73f4j680","11","[48, 49, 38, 29, 30, 31, 32, 33, 39, 53, 52, 51, 58, 71, 70, 69]","ibm_quebec","ok","w_state_n_11_d8hkg5dv8cos73f4j680_48_49_38_29_30_31_32_33_39_53_52_51","11_w_state_2026-06-05T22_32_02Z_16384_no_correction.json","ibm_quebec_calibrations_2026-06-05T22_08_49Z.csv","0.7889825186681323","0,2110174813318677","16384","2026-06-05T22:32:02.934651Z"
"w_state_1780697110.3315082_11_[105, 117, 125, 126, 127, 137, 147, 148, 149, 150, 151, 138, 131, 130, 129, 128].json","d8hkg5dv8cos73f4j68g","11","[105, 117, 125, 126, 127, 137, 147, 148, 149, 150, 151, 138, 131, 130, 129, 128]","ibm_quebec","ok","w_state_n_11_d8hkg5dv8cos73f4j68g_105_117_125_126_127_137_147_148_149","11_w_state_2026-06-05T22_32_15Z_16384_no_correction.json","ibm_quebec_calibrations_2026-06-05T22_08_49Z.csv","0.8641203459303362","0,13587965406966385","16384","2026-06-05T22:32:15.781111Z"
"w_state_1780697110.8080983_12_[34, 33, 39, 53, 52, 51, 58, 71, 70, 69, 68, 67, 66, 65, 77, 85].json","d8hkg5k2upec739l794g","12","[34, 33, 39, 53, 52, 51, 58, 71, 70, 69, 68, 67, 66, 65, 77, 85]","ibm_quebec","ok","w_state_n_12_d8hkg5k2upec739l794g_34_33_39_53_52_51_58_71_70_69_68_67","12_w_state_2026-06-05T22_32_29Z_16384_no_correction.json","ibm_quebec_calibrations_2026-06-05T22_08_49Z.csv","1.0284171965644173","-0,028417196564417324","16384","2026-06-05T22:32:29.471954Z"
"w_state_1780697111.3006856_12_[121, 116, 101, 102, 103, 104, 105, 117, 125, 126, 127, 137, 147, 148, 149, 150].json","d8hkg5m6983c73dr6chg","12","[121, 116, 101, 102, 103, 104, 105, 117, 125, 126, 127, 137, 147, 148, 149, 150]","ibm_quebec","ok","w_state_n_12_d8hkg5m6983c73dr6chg_121_116_101_102_103_104_105_117_125","12_w_state_2026-06-05T22_33_49Z_16384_no_correction.json","ibm_quebec_calibrations_2026-06-05T22_08_49Z.csv","1.3774108853626745","-0,37741088536267453","16384","2026-06-05T22:33:49.145693Z"
"w_state_1780697111.805152_12_[101, 102, 103, 104, 105, 117, 125, 126, 127, 137, 147, 148, 149, 150, 151, 138].json","d8hkg5tv8cos73f4j69g","12","[101, 102, 103, 104, 105, 117, 125, 126, 127, 137, 147, 148, 149, 150, 151, 138]","ibm_quebec","ok","w_state_n_12_d8hkg5tv8cos73f4j69g_101_102_103_104_105_117_125_126_127","12_w_state_2026-06-05T22_33_51Z_16384_no_correction.json","ibm_quebec_calibrations_2026-06-05T22_08_49Z.csv","0.996388534870094","0,0036114651299059553","16384","2026-06-05T22:33:51.366543Z"
"w_state_1780697112.3516376_12_[48, 49, 38, 29, 30, 31, 32, 33, 39, 53, 52, 51, 58, 71, 72, 73].json","d8hkg5tv8cos73f4j6a0","12","[48, 49, 38, 29, 30, 31, 32, 33, 39, 53, 52, 51, 58, 71, 72, 73]","ibm_quebec","ok","w_state_n_12_d8hkg5tv8cos73f4j6a0_48_49_38_29_30_31_32_33_39_53_52_51","12_w_state_2026-06-05T22_34_04Z_16384_no_correction.json","ibm_quebec_calibrations_2026-06-05T22_08_49Z.csv","1.1122632996874113","-0,11226329968741133","16384","2026-06-05T22:34:04.836119Z"
"w_state_1780697112.8979192_12_[33, 39, 53, 52, 51, 58, 71, 70, 69, 68, 67, 66, 65, 77, 85, 84].json","d8hkg65v8cos73f4j6ag","12","[33, 39, 53, 52, 51, 58, 71, 70, 69, 68, 67, 66, 65, 77, 85, 84]","ibm_quebec","ok","w_state_n_12_d8hkg65v8cos73f4j6ag_33_39_53_52_51_58_71_70_69_68_67_66","12_w_state_2026-06-05T22_34_18Z_16384_no_correction.json","ibm_quebec_calibrations_2026-06-05T22_08_49Z.csv","0.799087024521075","0,20091297547892495","16384","2026-06-05T22:34:18.689843Z"
"w_state_1780697113.3840094_12_[48, 49, 50, 51, 58, 71, 70, 69, 68, 67, 66, 65, 77, 85, 84, 83].json","d8hkg61e8nrc73bhbpu0","12","[48, 49, 50, 51, 58, 71, 70, 69, 68, 67, 66, 65, 77, 85, 84, 83]","ibm_quebec","ok","w_state_n_12_d8hkg61e8nrc73bhbpu0_48_49_50_51_58_71_70_69_68_67_66_65","12_w_state_2026-06-05T22_34_32Z_16384_no_correction.json","ibm_quebec_calibrations_2026-06-05T22_08_49Z.csv","1.5262530031776818","-0,5262530031776818","16384","2026-06-05T22:34:32.280332Z"
"w_state_1780697113.841591_12_[32, 33, 39, 53, 52, 51, 58, 71, 70, 69, 68, 67, 66, 65, 77, 85].json","d8hkg6e6983c73dr6cj0","12","[32, 33, 39, 53, 52, 51, 58, 71, 70, 69, 68, 67, 66, 65, 77, 85]","ibm_quebec","ok","w_state_n_12_d8hkg6e6983c73dr6cj0_32_33_39_53_52_51_58_71_70_69_68_67","12_w_state_2026-06-05T22_35_46Z_16384_no_correction.json","ibm_quebec_calibrations_2026-06-05T22_08_49Z.csv","0.8664747208971555","0,1335252791028445","16384","2026-06-05T22:35:46.540912Z"
"w_state_1780697114.372568_12_[103, 104, 105, 117, 125, 126, 127, 137, 147, 148, 149, 150, 151, 138, 131, 132].json","d8hkg69e8nrc73bhbpv0","12","[103, 104, 105, 117, 125, 126, 127, 137, 147, 148, 149, 150, 151, 138, 131, 132]","ibm_quebec","ok","w_state_n_12_d8hkg69e8nrc73bhbpv0_103_104_105_117_125_126_127_137_147","12_w_state_2026-06-05T22_35_47Z_16384_no_correction.json","ibm_quebec_calibrations_2026-06-05T22_08_49Z.csv","1.0603827844794536","-0,060382784479453555","16384","2026-06-05T22:35:47.913311Z"
"w_state_1780697114.8485203_12_[48, 49, 38, 29, 30, 31, 32, 33, 39, 53, 52, 51, 58, 71, 70, 69].json","d8hkg6m6983c73dr6cjg","12","[48, 49, 38, 29, 30, 31, 32, 33, 39, 53, 52, 51, 58, 71, 70, 69]","ibm_quebec","ok","w_state_n_12_d8hkg6m6983c73dr6cjg_48_49_38_29_30_31_32_33_39_53_52_51","12_w_state_2026-06-05T22_35_58Z_16384_no_correction.json","ibm_quebec_calibrations_2026-06-05T22_08_49Z.csv","1.0727076424972273","-0,07270764249722728","16384","2026-06-05T22:35:58.599485Z"
"w_state_1780697115.3514445_12_[105, 117, 125, 126, 127, 137, 147, 148, 149, 150, 151, 138, 131, 130, 129, 128].json","d8hkg6m6983c73dr6ck0","12","[105, 117, 125, 126, 127, 137, 147, 148, 149, 150, 151, 138, 131, 130, 129, 128]","ibm_quebec","ok","w_state_n_12_d8hkg6m6983c73dr6ck0_105_117_125_126_127_137_147_148_149","12_w_state_2026-06-05T22_36_12Z_16384_no_correction.json","ibm_quebec_calibrations_2026-06-05T22_08_49Z.csv","0.9514379964330737","0,048562003566926304","16384","2026-06-05T22:36:12.089270Z"
"w_state_1780697115.7619972_13_[34, 33, 39, 53, 52, 51, 58, 71, 70, 69, 68, 67, 66, 65, 77, 85].json","d8hkg6pe8nrc73bhbpvg","13","[34, 33, 39, 53, 52, 51, 58, 71, 70, 69, 68, 67, 66, 65, 77, 85]","ibm_quebec","ok","w_state_n_13_d8hkg6pe8nrc73bhbpvg_34_33_39_53_52_51_58_71_70_69_68_67","13_w_state_2026-06-05T22_36_26Z_16384_no_correction.json","ibm_quebec_calibrations_2026-06-05T22_08_49Z.csv","1.0925704975245418","-0,09257049752454183","16384","2026-06-05T22:36:26.957285Z"
"w_state_1780697116.185604_13_[121, 116, 101, 102, 103, 104, 105, 117, 125, 126, 127, 137, 147, 148, 149, 150].json","d8hkg6s2upec739l796g","13","[121, 116, 101, 102, 103, 104, 105, 117, 125, 126, 127, 137, 147, 148, 149, 150]","ibm_quebec","ok","w_state_n_13_d8hkg6s2upec739l796g_121_116_101_102_103_104_105_117_125","13_w_state_2026-06-05T22_37_48Z_16384_no_correction.json","ibm_quebec_calibrations_2026-06-05T22_08_49Z.csv","1.4773266835376453","-0,4773266835376453","16384","2026-06-05T22:37:48.532644Z"
"w_state_1780697116.5786831_13_[101, 102, 103, 104, 105, 117, 125, 126, 127, 137, 147, 148, 149, 150, 151, 138].json","d8hkg6pe8nrc73bhbq00","13","[101, 102, 103, 104, 105, 117, 125, 126, 127, 137, 147, 148, 149, 150, 151, 138]","ibm_quebec","ok","w_state_n_13_d8hkg6pe8nrc73bhbq00_101_102_103_104_105_117_125_126_127","13_w_state_2026-06-05T22_38_01Z_16384_no_correction.json","ibm_quebec_calibrations_2026-06-05T22_08_49Z.csv","1.2534434127970435","-0,2534434127970435","16384","2026-06-05T22:38:01.983689Z"
"w_state_1780697117.0194867_13_[48, 49, 38, 29, 30, 31, 32, 33, 39, 53, 52, 51, 58, 71, 72, 73].json","d8hkg742upec739l7970","13","[48, 49, 38, 29, 30, 31, 32, 33, 39, 53, 52, 51, 58, 71, 72, 73]","ibm_quebec","ok","w_state_n_13_d8hkg742upec739l7970_48_49_38_29_30_31_32_33_39_53_52_51","13_w_state_2026-06-05T22_38_34Z_16384_no_correction.json","ibm_quebec_calibrations_2026-06-05T22_08_49Z.csv","1.1889687552890846","-0,18896875528908463","16384","2026-06-05T22:38:34.037469Z"
"w_state_1780697117.389838_13_[33, 39, 53, 52, 51, 58, 71, 70, 69, 68, 67, 66, 65, 77, 85, 84].json","d8hkg75v8cos73f4j6c0","13","[33, 39, 53, 52, 51, 58, 71, 70, 69, 68, 67, 66, 65, 77, 85, 84]","ibm_quebec","ok","w_state_n_13_d8hkg75v8cos73f4j6c0_33_39_53_52_51_58_71_70_69_68_67_66","13_w_state_2026-06-05T22_38_47Z_16384_no_correction.json","ibm_quebec_calibrations_2026-06-05T22_08_49Z.csv","1.0523985520261476","-0,05239855202614763","16384","2026-06-05T22:38:47.712734Z"
"w_state_1780697117.828107_13_[48, 49, 50, 51, 58, 71, 70, 69, 68, 67, 66, 65, 77, 85, 84, 83].json","d8hkg7c2upec739l797g","13","[48, 49, 50, 51, 58, 71, 70, 69, 68, 67, 66, 65, 77, 85, 84, 83]","ibm_quebec","ok","w_state_n_13_d8hkg7c2upec739l797g_48_49_50_51_58_71_70_69_68_67_66_65","13_w_state_2026-06-05T22_39_02Z_16384_no_correction.json","ibm_quebec_calibrations_2026-06-05T22_08_49Z.csv","1.6985596931474198","-0,6985596931474198","16384","2026-06-05T22:39:02.153698Z"
"w_state_1780697118.3082707_13_[32, 33, 39, 53, 52, 51, 58, 71, 70, 69, 68, 67, 66, 65, 77, 85].json","d8hkg7c2upec739l7980","13","[32, 33, 39, 53, 52, 51, 58, 71, 70, 69, 68, 67, 66, 65, 77, 85]","ibm_quebec","ok","w_state_n_13_d8hkg7c2upec739l7980_32_33_39_53_52_51_58_71_70_69_68_67","13_w_state_2026-06-05T22_40_00Z_16384_no_correction.json","ibm_quebec_calibrations_2026-06-05T22_08_49Z.csv","1.04762194537797","-0,04762194537797004","16384","2026-06-05T22:40:00.619061Z"
"w_state_1780697118.7389543_13_[103, 104, 105, 117, 125, 126, 127, 137, 147, 148, 149, 150, 151, 138, 131, 132].json","d8hkg7he8nrc73bhbq1g","13","[103, 104, 105, 117, 125, 126, 127, 137, 147, 148, 149, 150, 151, 138, 131, 132]","ibm_quebec","ok","w_state_n_13_d8hkg7he8nrc73bhbq1g_103_104_105_117_125_126_127_137_147","13_w_state_2026-06-05T22_40_14Z_16384_no_correction.json","ibm_quebec_calibrations_2026-06-05T22_08_49Z.csv","1.094848278975217","-0,09484827897521697","16384","2026-06-05T22:40:14.261718Z"
"w_state_1780697119.1166859_13_[48, 49, 38, 29, 30, 31, 32, 33, 39, 53, 52, 51, 58, 71, 70, 69].json","d8hkg7lv8cos73f4j6d0","13","[48, 49, 38, 29, 30, 31, 32, 33, 39, 53, 52, 51, 58, 71, 70, 69]","ibm_quebec","ok","w_state_n_13_d8hkg7lv8cos73f4j6d0_48_49_38_29_30_31_32_33_39_53_52_51","13_w_state_2026-06-05T22_40_29Z_16384_no_correction.json","ibm_quebec_calibrations_2026-06-05T22_08_49Z.csv","1.2347520446329314","-0,23475204463293142","16384","2026-06-05T22:40:29.179897Z"
"w_state_1780697119.4998534_13_[105, 117, 125, 126, 127, 137, 147, 148, 149, 150, 151, 138, 131, 130, 129, 128].json","d8hkg7lv8cos73f4j6dg","13","[105, 117, 125, 126, 127, 137, 147, 148, 149, 150, 151, 138, 131, 130, 129, 128]","ibm_quebec","ok","w_state_n_13_d8hkg7lv8cos73f4j6dg_105_117_125_126_127_137_147_148_149","13_w_state_2026-06-05T22_40_40Z_16384_no_correction.json","ibm_quebec_calibrations_2026-06-05T22_08_49Z.csv","1.109109132837995","-0,10910913283799495","16384","2026-06-05T22:40:40.921409Z"
"w_state_1780697119.9248347_14_[34, 33, 39, 53, 52, 51, 58, 71, 70, 69, 68, 67, 66, 65, 77, 85].json","d8hkg7tv8cos73f4j6e0","14","[34, 33, 39, 53, 52, 51, 58, 71, 70, 69, 68, 67, 66, 65, 77, 85]","ibm_quebec","ok","w_state_n_14_d8hkg7tv8cos73f4j6e0_34_33_39_53_52_51_58_71_70_69_68_67","14_w_state_2026-06-05T22_40_55Z_16384_no_correction.json","ibm_quebec_calibrations_2026-06-05T22_08_49Z.csv","1.3468829696132758","-0,3468829696132758","16384","2026-06-05T22:40:55.005170Z"
"w_state_1780697120.3764253_14_[121, 116, 101, 102, 103, 104, 105, 117, 125, 126, 127, 137, 147, 148, 149, 150].json","d8hkg7u6983c73dr6clg","14","[121, 116, 101, 102, 103, 104, 105, 117, 125, 126, 127, 137, 147, 148, 149, 150]","ibm_quebec","ok","w_state_n_14_d8hkg7u6983c73dr6clg_121_116_101_102_103_104_105_117_125","14_w_state_2026-06-05T22_41_54Z_16384_no_correction.json","ibm_quebec_calibrations_2026-06-05T22_37_37Z.csv","1.9002916491771131","-0,9002916491771131","16384","2026-06-05T22:41:54.833505Z"
"w_state_1780697120.8045628_14_[101, 102, 103, 104, 105, 117, 125, 126, 127, 137, 147, 148, 149, 150, 151, 138].json","d8hkg842upec739l7990","14","[101, 102, 103, 104, 105, 117, 125, 126, 127, 137, 147, 148, 149, 150, 151, 138]","ibm_quebec","ok","w_state_n_14_d8hkg842upec739l7990_101_102_103_104_105_117_125_126_127","14_w_state_2026-06-05T22_42_08Z_16384_no_correction.json","ibm_quebec_calibrations_2026-06-05T22_37_37Z.csv","1.5447653611205228","-0,5447653611205228","16384","2026-06-05T22:42:08.579690Z"
"w_state_1780697121.2035236_14_[48, 49, 38, 29, 30, 31, 32, 33, 39, 53, 52, 51, 58, 71, 72, 73].json","d8hkg842upec739l79a0","14","[48, 49, 38, 29, 30, 31, 32, 33, 39, 53, 52, 51, 58, 71, 72, 73]","ibm_quebec","ok","w_state_n_14_d8hkg842upec739l79a0_48_49_38_29_30_31_32_33_39_53_52_51","14_w_state_2026-06-05T22_42_36Z_16384_no_correction.json","ibm_quebec_calibrations_2026-06-05T22_37_37Z.csv","1.3588437104099853","-0,3588437104099853","16384","2026-06-05T22:42:36.831498Z"
"w_state_1780697121.5910838_14_[33, 39, 53, 52, 51, 58, 71, 70, 69, 68, 67, 66, 65, 77, 85, 84].json","d8hkg842upec739l79b0","14","[33, 39, 53, 52, 51, 58, 71, 70, 69, 68, 67, 66, 65, 77, 85, 84]","ibm_quebec","ok","w_state_n_14_d8hkg842upec739l79b0_33_39_53_52_51_58_71_70_69_68_67_66","14_w_state_2026-06-05T22_42_49Z_16384_no_correction.json","ibm_quebec_calibrations_2026-06-05T22_37_37Z.csv","1.1494274333003416","-0,14942743330034158","16384","2026-06-05T22:42:49.124920Z"
"w_state_1780697122.0335462_14_[48, 49, 50, 51, 58, 71, 70, 69, 68, 67, 66, 65, 77, 85, 84, 83].json","d8hkg8e6983c73dr6cn0","14","[48, 49, 50, 51, 58, 71, 70, 69, 68, 67, 66, 65, 77, 85, 84, 83]","ibm_quebec","ok","w_state_n_14_d8hkg8e6983c73dr6cn0_48_49_50_51_58_71_70_69_68_67_66_65","14_w_state_2026-06-05T22_43_07Z_16384_no_correction.json","ibm_quebec_calibrations_2026-06-05T22_37_37Z.csv","2.2191349898122645","-1,2191349898122645","16384","2026-06-05T22:43:07.739113Z"
"w_state_1780697122.4365346_14_[32, 33, 39, 53, 52, 51, 58, 71, 70, 69, 68, 67, 66, 65, 77, 85].json","d8hkg8c2upec739l79bg","14","[32, 33, 39, 53, 52, 51, 58, 71, 70, 69, 68, 67, 66, 65, 77, 85]","ibm_quebec","ok","w_state_n_14_d8hkg8c2upec739l79bg_32_33_39_53_52_51_58_71_70_69_68_67","14_w_state_2026-06-05T22_43_54Z_16384_no_correction.json","ibm_quebec_calibrations_2026-06-05T22_37_37Z.csv","1.2923546045107397","-0,2923546045107397","16384","2026-06-05T22:43:54.942346Z"
"w_state_1780697122.8448691_14_[103, 104, 105, 117, 125, 126, 127, 137, 147, 148, 149, 150, 151, 138, 131, 132].json","d8hkg8m6983c73dr6cng","14","[103, 104, 105, 117, 125, 126, 127, 137, 147, 148, 149, 150, 151, 138, 131, 132]","ibm_quebec","ok","w_state_n_14_d8hkg8m6983c73dr6cng_103_104_105_117_125_126_127_137_147","14_w_state_2026-06-05T22_44_17Z_16384_no_correction.json","ibm_quebec_calibrations_2026-06-05T22_37_37Z.csv","1.1552106904747736","-0,15521069047477365","16384","2026-06-05T22:44:17.991364Z"
"w_state_1780697123.231136_14_[48, 49, 38, 29, 30, 31, 32, 33, 39, 53, 52, 51, 58, 71, 70, 69].json","d8hkg8lv8cos73f4j6g0","14","[48, 49, 38, 29, 30, 31, 32, 33, 39, 53, 52, 51, 58, 71, 70, 69]","ibm_quebec","ok","w_state_n_14_d8hkg8lv8cos73f4j6g0_48_49_38_29_30_31_32_33_39_53_52_51","14_w_state_2026-06-05T22_44_30Z_16384_no_correction.json","ibm_quebec_calibrations_2026-06-05T22_37_37Z.csv","1.357615091606199","-0,3576150916061991","16384","2026-06-05T22:44:30.961284Z"
"w_state_1780697123.6210256_14_[105, 117, 125, 126, 127, 137, 147, 148, 149, 150, 151, 138, 131, 130, 129, 128].json","d8hkg8k2upec739l79c0","14","[105, 117, 125, 126, 127, 137, 147, 148, 149, 150, 151, 138, 131, 130, 129, 128]","ibm_quebec","ok","w_state_n_14_d8hkg8k2upec739l79c0_105_117_125_126_127_137_147_148_149","14_w_state_2026-06-05T22_44_31Z_16384_no_correction.json","ibm_quebec_calibrations_2026-06-05T22_37_37Z.csv","1.3382560513850237","-0,3382560513850237","16384","2026-06-05T22:44:31.852329Z"
"w_state_1780697124.0731826_15_[34, 33, 39, 53, 52, 51, 58, 71, 70, 69, 68, 67, 66, 65, 77, 85].json","d8hkg8pe8nrc73bhbq30","15","[34, 33, 39, 53, 52, 51, 58, 71, 70, 69, 68, 67, 66, 65, 77, 85]","ibm_quebec","ok","w_state_n_15_d8hkg8pe8nrc73bhbq30_34_33_39_53_52_51_58_71_70_69_68_67","15_w_state_2026-06-05T22_45_36Z_16384_no_correction.json","ibm_quebec_calibrations_2026-06-05T22_37_37Z.csv","1.773362479617278","-0,773362479617278","16384","2026-06-05T22:45:36.576637Z"
"w_state_1780697124.477661_15_[121, 116, 101, 102, 103, 104, 105, 117, 125, 126, 127, 137, 147, 148, 149, 150].json","d8hkg8s2upec739l79d0","15","[121, 116, 101, 102, 103, 104, 105, 117, 125, 126, 127, 137, 147, 148, 149, 150]","ibm_quebec","ok","w_state_n_15_d8hkg8s2upec739l79d0_121_116_101_102_103_104_105_117_125","15_w_state_2026-06-05T22_45_36Z_16384_no_correction.json","ibm_quebec_calibrations_2026-06-05T22_37_37Z.csv","1.8455650721074832","-0,8455650721074832","16384","2026-06-05T22:45:36.999901Z"
"w_state_1780697124.8717287_15_[101, 102, 103, 104, 105, 117, 125, 126, 127, 137, 147, 148, 149, 150, 151, 138].json","d8hkg91e8nrc73bhbq3g","15","[101, 102, 103, 104, 105, 117, 125, 126, 127, 137, 147, 148, 149, 150, 151, 138]","ibm_quebec","ok","w_state_n_15_d8hkg91e8nrc73bhbq3g_101_102_103_104_105_117_125_126_127","15_w_state_2026-06-05T22_45_51Z_16384_no_correction.json","ibm_quebec_calibrations_2026-06-05T22_37_37Z.csv","1.5092676250910877","-0,5092676250910877","16384","2026-06-05T22:45:51.548261Z"
"w_state_1780697125.2897942_15_[48, 49, 38, 29, 30, 31, 32, 33, 39, 53, 52, 51, 58, 71, 72, 73].json","d8hkg942upec739l79dg","15","[48, 49, 38, 29, 30, 31, 32, 33, 39, 53, 52, 51, 58, 71, 72, 73]","ibm_quebec","ok","w_state_n_15_d8hkg942upec739l79dg_48_49_38_29_30_31_32_33_39_53_52_51","15_w_state_2026-06-05T22_46_04Z_16384_no_correction.json","ibm_quebec_calibrations_2026-06-05T22_37_37Z.csv","1.5816947514268804","-0,5816947514268804","16384","2026-06-05T22:46:04.922174Z"
"w_state_1780697125.718506_15_[33, 39, 53, 52, 51, 58, 71, 70, 69, 68, 67, 66, 65, 77, 85, 84].json","d8hkg9c2upec739l79e0","15","[33, 39, 53, 52, 51, 58, 71, 70, 69, 68, 67, 66, 65, 77, 85, 84]","ibm_quebec","ok","w_state_n_15_d8hkg9c2upec739l79e0_33_39_53_52_51_58_71_70_69_68_67_66","15_w_state_2026-06-05T22_46_19Z_16384_no_correction.json","ibm_quebec_calibrations_2026-06-05T22_37_37Z.csv","1.6405020733713869","-0,6405020733713869","16384","2026-06-05T22:46:19.140163Z"
"w_state_1780697126.1887665_15_[48, 49, 50, 51, 58, 71, 70, 69, 68, 67, 66, 65, 77, 85, 84, 83].json","d8hkg99e8nrc73bhbq40","15","[48, 49, 50, 51, 58, 71, 70, 69, 68, 67, 66, 65, 77, 85, 84, 83]","ibm_quebec","ok","w_state_n_15_d8hkg99e8nrc73bhbq40_48_49_50_51_58_71_70_69_68_67_66_65","15_w_state_2026-06-05T22_47_18Z_16384_no_correction.json","ibm_quebec_calibrations_2026-06-05T22_37_37Z.csv","2.566997841842997","-1,5669978418429968","16384","2026-06-05T22:47:18.606228Z"
"w_state_1780697126.6139348_15_[32, 33, 39, 53, 52, 51, 58, 71, 70, 69, 68, 67, 66, 65, 77, 85].json","d8hkg9dv8cos73f4j6hg","15","[32, 33, 39, 53, 52, 51, 58, 71, 70, 69, 68, 67, 66, 65, 77, 85]","ibm_quebec","ok","w_state_n_15_d8hkg9dv8cos73f4j6hg_32_33_39_53_52_51_58_71_70_69_68_67","15_w_state_2026-06-05T22_47_32Z_16384_no_correction.json","ibm_quebec_calibrations_2026-06-05T22_37_37Z.csv","1.7583769915938858","-0,7583769915938858","16384","2026-06-05T22:47:32.132324Z"
"w_state_1780697127.028005_15_[103, 104, 105, 117, 125, 126, 127, 137, 147, 148, 149, 150, 151, 138, 131, 132].json","d8hkg9k2upec739l79eg","15","[103, 104, 105, 117, 125, 126, 127, 137, 147, 148, 149, 150, 151, 138, 131, 132]","ibm_quebec","ok","w_state_n_15_d8hkg9k2upec739l79eg_103_104_105_117_125_126_127_137_147","15_w_state_2026-06-05T22_47_46Z_16384_no_correction.json","ibm_quebec_calibrations_2026-06-05T22_37_37Z.csv","1.3534218852114561","-0,3534218852114561","16384","2026-06-05T22:47:46.192193Z"
"w_state_1780697127.5020666_15_[48, 49, 38, 29, 30, 31, 32, 33, 39, 53, 52, 51, 58, 71, 70, 69].json","d8hkg9he8nrc73bhbq50","15","[48, 49, 38, 29, 30, 31, 32, 33, 39, 53, 52, 51, 58, 71, 70, 69]","ibm_quebec","ok","w_state_n_15_d8hkg9he8nrc73bhbq50_48_49_38_29_30_31_32_33_39_53_52_51","15_w_state_2026-06-05T22_47_58Z_16384_no_correction.json","ibm_quebec_calibrations_2026-06-05T22_37_37Z.csv","1.523226400751975","-0,5232264007519749","16384","2026-06-05T22:47:58.912340Z"
"w_state_1780697127.9023912_15_[105, 117, 125, 126, 127, 137, 147, 148, 149, 150, 151, 138, 131, 130, 129, 128].json","d8hkg9tv8cos73f4j6i0","15","[105, 117, 125, 126, 127, 137, 147, 148, 149, 150, 151, 138, 131, 130, 129, 128]","ibm_quebec","ok","w_state_n_15_d8hkg9tv8cos73f4j6i0_105_117_125_126_127_137_147_148_149","15_w_state_2026-06-05T22_48_13Z_16384_no_correction.json","ibm_quebec_calibrations_2026-06-05T22_37_37Z.csv","1.462060533671652","-0,4620605336716519","16384","2026-06-05T22:48:13.284921Z"
"w_state_1780697128.3294408_16_[34, 33, 39, 53, 52, 51, 58, 71, 70, 69, 68, 67, 66, 65, 77, 85].json","d8hkg9pe8nrc73bhbq60","16","[34, 33, 39, 53, 52, 51, 58, 71, 70, 69, 68, 67, 66, 65, 77, 85]","ibm_quebec","ok","w_state_n_16_d8hkg9pe8nrc73bhbq60_34_33_39_53_52_51_58_71_70_69_68_67","16_w_state_2026-06-05T22_49_13Z_16384_no_correction.json","ibm_quebec_calibrations_2026-06-05T22_37_37Z.csv","2.0988704808436536","-1,0988704808436536","16384","2026-06-05T22:49:13.760028Z"
"w_state_1780697128.8005192_16_[121, 116, 101, 102, 103, 104, 105, 117, 125, 126, 127, 137, 147, 148, 149, 150].json","d8hkga1e8nrc73bhbq6g","16","[121, 116, 101, 102, 103, 104, 105, 117, 125, 126, 127, 137, 147, 148, 149, 150]","ibm_quebec","ok","w_state_n_16_d8hkga1e8nrc73bhbq6g_121_116_101_102_103_104_105_117_125","16_w_state_2026-06-05T22_49_26Z_16384_no_correction.json","ibm_quebec_calibrations_2026-06-05T22_37_37Z.csv","2.2589252329199656","-1,2589252329199656","16384","2026-06-05T22:49:26.103457Z"
"w_state_1780697129.2170978_16_[101, 102, 103, 104, 105, 117, 125, 126, 127, 137, 147, 148, 149, 150, 151, 138].json","d8hkga5v8cos73f4j6jg","16","[101, 102, 103, 104, 105, 117, 125, 126, 127, 137, 147, 148, 149, 150, 151, 138]","ibm_quebec","ok","w_state_n_16_d8hkga5v8cos73f4j6jg_101_102_103_104_105_117_125_126_127","16_w_state_2026-06-05T22_49_39Z_16384_no_correction.json","ibm_quebec_calibrations_2026-06-05T22_37_37Z.csv","1.621806227541402","-0,621806227541402","16384","2026-06-05T22:49:39.724235Z"
"w_state_1780697129.6549354_16_[48, 49, 38, 29, 30, 31, 32, 33, 39, 53, 52, 51, 58, 71, 72, 73].json","d8hkga5v8cos73f4j6k0","16","[48, 49, 38, 29, 30, 31, 32, 33, 39, 53, 52, 51, 58, 71, 72, 73]","ibm_quebec","ok","w_state_n_16_d8hkga5v8cos73f4j6k0_48_49_38_29_30_31_32_33_39_53_52_51","16_w_state_2026-06-05T22_49_52Z_16384_no_correction.json","ibm_quebec_calibrations_2026-06-05T22_37_37Z.csv","1.9486575159882085","-0,9486575159882085","16384","2026-06-05T22:49:52.832055Z"
"w_state_1780697130.0545301_16_[33, 39, 53, 52, 51, 58, 71, 70, 69, 68, 67, 66, 65, 77, 85, 84].json","d8hkgac2upec739l79fg","16","[33, 39, 53, 52, 51, 58, 71, 70, 69, 68, 67, 66, 65, 77, 85, 84]","ibm_quebec","ok","w_state_n_16_d8hkgac2upec739l79fg_33_39_53_52_51_58_71_70_69_68_67_66","16_w_state_2026-06-05T22_50_06Z_16384_no_correction.json","ibm_quebec_calibrations_2026-06-05T22_37_37Z.csv","2.1031001150369795","-1,1031001150369795","16384","2026-06-05T22:50:06.862678Z"
"w_state_1780697130.508362_16_[48, 49, 50, 51, 58, 71, 70, 69, 68, 67, 66, 65, 77, 85, 84, 83].json","d8hkgae6983c73dr6cpg","16","[48, 49, 50, 51, 58, 71, 70, 69, 68, 67, 66, 65, 77, 85, 84, 83]","ibm_quebec","ok","w_state_n_16_d8hkgae6983c73dr6cpg_48_49_50_51_58_71_70_69_68_67_66_65","16_w_state_2026-06-05T22_51_20Z_16384_no_correction.json","ibm_quebec_calibrations_2026-06-05T22_37_37Z.csv","2.612851629298178","-1,612851629298178","16384","2026-06-05T22:51:20.166831Z"
"w_state_1780697130.9244068_16_[32, 33, 39, 53, 52, 51, 58, 71, 70, 69, 68, 67, 66, 65, 77, 85].json","d8hkgalv8cos73f4j6kg","16","[32, 33, 39, 53, 52, 51, 58, 71, 70, 69, 68, 67, 66, 65, 77, 85]","ibm_quebec","ok","w_state_n_16_d8hkgalv8cos73f4j6kg_32_33_39_53_52_51_58_71_70_69_68_67","16_w_state_2026-06-05T22_51_33Z_16384_no_correction.json","ibm_quebec_calibrations_2026-06-05T22_37_37Z.csv","2.008577004615945","-1,0085770046159448","16384","2026-06-05T22:51:33.605593Z"
"w_state_1780697131.4076345_16_[103, 104, 105, 117, 125, 126, 127, 137, 147, 148, 149, 150, 151, 138, 131, 132].json","d8hkgak2upec739l79h0","16","[103, 104, 105, 117, 125, 126, 127, 137, 147, 148, 149, 150, 151, 138, 131, 132]","ibm_quebec","ok","w_state_n_16_d8hkgak2upec739l79h0_103_104_105_117_125_126_127_137_147","16_w_state_2026-06-05T22_51_47Z_16384_no_correction.json","ibm_quebec_calibrations_2026-06-05T22_37_37Z.csv","1.5181987422078134","-0,5181987422078134","16384","2026-06-05T22:51:47.095112Z"
"w_state_1780697131.8048701_16_[48, 49, 38, 29, 30, 31, 32, 33, 39, 53, 52, 51, 58, 71, 70, 69].json","d8hkgatv8cos73f4j6l0","16","[48, 49, 38, 29, 30, 31, 32, 33, 39, 53, 52, 51, 58, 71, 70, 69]","ibm_quebec","ok","w_state_n_16_d8hkgatv8cos73f4j6l0_48_49_38_29_30_31_32_33_39_53_52_51","16_w_state_2026-06-05T22_52_00Z_16384_no_correction.json","ibm_quebec_calibrations_2026-06-05T22_37_37Z.csv","2.15657232787669","-1,15657232787669","16384","2026-06-05T22:52:00.910639Z"
"w_state_1780697132.2163906_16_[105, 117, 125, 126, 127, 137, 147, 148, 149, 150, 151, 138, 131, 130, 129, 128].json","d8hkgape8nrc73bhbq7g","16","[105, 117, 125, 126, 127, 137, 147, 148, 149, 150, 151, 138, 131, 130, 129, 128]","ibm_quebec","ok","w_state_n_16_d8hkgape8nrc73bhbq7g_105_117_125_126_127_137_147_148_149","16_w_state_2026-06-05T22_52_01Z_16384_no_correction.json","ibm_quebec_calibrations_2026-06-05T22_37_37Z.csv","1.7171132495272818","-0,7171132495272818","16384","2026-06-05T22:52:01.471053Z"
"w_state_1781512574.4012196_6_[12, 13, 14, 15, 19, 35].json","d8nrivjqv2lc738986b0","6","[12, 13, 14, 15, 19, 35]","ibm_quebec","ok","w_state_n_6_d8nrivjqv2lc738986b0_12_13_14_15_19_35","6_w_state_2026-06-15T11_43_47Z_16384_no_correction.json","ibm_quebec_calibrations_2026-06-15T08_18_45Z.csv","0.1602411626086666","0.8397588373913334","16384","2026-06-15T11:43:47.397291Z"
"w_state_1781512575.0484295_6_[11, 12, 13, 14, 15, 19].json","d8nrivrqv2lc738986c0","6","[11, 12, 13, 14, 15, 19]","ibm_quebec","ok","w_state_n_6_d8nrivrqv2lc738986c0_11_12_13_14_15_19","6_w_state_2026-06-15T11_43_48Z_16384_no_correction.json","ibm_quebec_calibrations_2026-06-15T08_18_45Z.csv","0.1738872615003786","0.8261127384996214","16384","2026-06-15T11:43:48.188320Z"
"w_state_1781512575.570647_6_[35, 34, 33, 39, 53, 54].json","d8nrj03nn5bs738v0idg","6","[35, 34, 33, 39, 53, 54]","ibm_quebec","ok","w_state_n_6_d8nrj03nn5bs738v0idg_35_34_33_39_53_54","6_w_state_2026-06-15T11_44_15Z_16384_no_correction.json","ibm_quebec_calibrations_2026-06-15T08_18_45Z.csv","0.21045467928945616","0.7895453207105438","16384","2026-06-15T11:44:15.090829Z"
"w_state_1781512576.052304_6_[19, 35, 34, 33, 39, 53].json","d8nrj03nn5bs738v0ie0","6","[19, 35, 34, 33, 39, 53]","ibm_quebec","ok","w_state_n_6_d8nrj03nn5bs738v0ie0_19_35_34_33_39_53","6_w_state_2026-06-15T11_47_43Z_16384_no_correction.json","ibm_quebec_calibrations_2026-06-15T08_18_45Z.csv","0.19935940716657763","0.8006405928334224","16384","2026-06-15T11:47:43.158599Z"
"w_state_1781512576.7156954_6_[13, 14, 15, 19, 35, 34].json","d8nrj0b2d42s73ce8jt0","6","[13, 14, 15, 19, 35, 34]","ibm_quebec","ok","w_state_n_6_d8nrj0b2d42s73ce8jt0_13_14_15_19_35_34","6_w_state_2026-06-15T11_48_16Z_16384_no_correction.json","ibm_quebec_calibrations_2026-06-15T08_18_45Z.csv","0.13858392895345006","0.8614160710465499","16384","2026-06-15T11:48:16.429937Z"
"w_state_1781512577.1536627_6_[10, 11, 12, 13, 14, 15].json","d8nrj0bnn5bs738v0ieg","6","[10, 11, 12, 13, 14, 15]","ibm_quebec","ok","w_state_n_6_d8nrj0bnn5bs738v0ieg_10_11_12_13_14_15","6_w_state_2026-06-15T11_48_37Z_16384_no_correction.json","ibm_quebec_calibrations_2026-06-15T08_18_45Z.csv","0.19249419272242863","0.8075058072775714","16384","2026-06-15T11:48:37.453886Z"
"w_state_1781512577.6820292_6_[34, 33, 39, 53, 54, 55].json","d8nrj0jnn5bs738v0if0","6","[34, 33, 39, 53, 54, 55]","ibm_quebec","ok","w_state_n_6_d8nrj0jnn5bs738v0if0_34_33_39_53_54_55","6_w_state_2026-06-15T11_49_09Z_16384_no_correction.json","ibm_quebec_calibrations_2026-06-15T08_18_45Z.csv","0.19334019111620848","0.8066598088837915","16384","2026-06-15T11:49:09.770007Z"
"w_state_1781512578.2760513_6_[14, 15, 19, 35, 34, 33].json","d8nrj0j2d42s73ce8jtg","6","[14, 15, 19, 35, 34, 33]","ibm_quebec","ok","w_state_n_6_d8nrj0j2d42s73ce8jtg_14_15_19_35_34_33","6_w_state_2026-06-15T11_49_32Z_16384_no_correction.json","ibm_quebec_calibrations_2026-06-15T08_18_45Z.csv","0.1620822024377202","0.8379177975622798","16384","2026-06-15T11:49:32.006255Z"
"w_state_1781512578.718607_6_[9, 10, 11, 12, 13, 14].json","d8nrj0rqv2lc738986dg","6","[9, 10, 11, 12, 13, 14]","ibm_quebec","ok","w_state_n_6_d8nrj0rqv2lc738986dg_9_10_11_12_13_14","6_w_state_2026-06-15T11_49_45Z_16384_no_correction.json","ibm_quebec_calibrations_2026-06-15T08_18_45Z.csv","0.22416232843569128","0.7758376715643087","16384","2026-06-15T11:49:45.116068Z"
"w_state_1781512579.374904_6_[15, 19, 35, 34, 33, 39].json","d8nrj0o32u0s73fcrjcg","6","[15, 19, 35, 34, 33, 39]","ibm_quebec","ok","w_state_n_6_d8nrj0o32u0s73fcrjcg_15_19_35_34_33_39","6_w_state_2026-06-15T11_50_08Z_16384_no_correction.json","ibm_quebec_calibrations_2026-06-15T08_18_45Z.csv","0.18821952474069503","0.811780475259305","16384","2026-06-15T11:50:08.276471Z"
